hasn't captured an image for remote deposit in months. I usually have to use my other phone it just freezes black screen upon capture. Would prefer not to have so many pull-down menus and screen jumping around. The check deposit guidelines always show a difference than what is actually captured. Just take the picture already! Numeric keypad should automatically pop up when you click on amount during deposit. When making multiple deposits you still have to choose which account your depositing to.,2
"ive been trying to create an online banking app for yall ever since you implemented the program. For some reason it either sucks or im more technically challenged than I thought I was. Would it be possible (after being an acct holder for 15 or so years for someone to call & walk me through the process? The problem: App/phone won't allow me to use the email code sent to me w/o resetting. Guess I need 2 phones for this simple task? I fully understand the ""why's""...could you help with the ""how's""?",1
"Sometimes when I sign in, app just doesn't open. Other times, I get partway through a deposit, then it suddenly closes. Often, I try a few times to make the deposit, then give up. Within a couple days, the app finally works. It's pretty frustrating. Update Dec 2020: Finally working much better. Would give 5 stars, if Billpay laid out like website. Update May 2026: BofA finally stopped its mobile banking app from supporting my Android phone model, so I have no access to the app at all. Now what?",1
"very frustrating. it was too dark for biometric password so I attempted my password twice and it locked me out. then I went to the light so it will work but now I'm locked out and have to go through a whole mess to log in again. How ridiculous. Update: to make things worse, I now need to make a password that isn't my last 5 passwords! And it wont let Google make a password for me!! What a joke! Another update: I finally got a password to work and the app just says try again later. unbelievable.",1
"Please do not change this application. I find it easy to use and at my age, changes are difficult. Paying bills has become very easy and simple to use. In December you denied two charges on my Debit card that were bogus and called to let me know immediately. A new card was issued and delivered in 2 business days. Excellent assistance!! I thank you for your diligence and assistance!!! Nothing has changed it's perfect the way it is!!!!!2/2026. Do Not Change!!!! It is simple easy to use PERFECT!!",5
"WARNING: I'm loyal BofA customer for 30yrs! Now BofA has LET ME DOWN. Their tech people don't care about us! They are forcing an UPDATE yet when you click to update, you CAN'T because even though I HAVE Android 10 it still says: ""Not Compatible With Your Device"". I have repeatedly posted here for HELP = SILENCE! They don't even bother to respond to emails! PLEASE FIX THIS! DON'T YOU CARE ABOUT UR VALUED CUSTOMERS I can't buy a new phone just because of one app! WHERE ARE YOU BofA??? (5/2026)",1
App won't allow me to set up biometric sign in...developers u totally blocked that out and messed it up so now I have to freaking sign in everytime plus what happend to account amount shown quick without signing in...You developers need to be replaced cause u don't know what yah doing!!!!!! Idiots how can I log in for when I get no code!!!! Ypu clowns need to be replaced..I'm reporting you web dev to higher power for not taking your job serious enough...u need to be terminated udk wur doing!,1
"My name isn't anywhere on the account, which, I believe is an insinuation of fraud and a breach of contract relative to our fiduciary relationships. I'm explicitly disappointed in the absence of a traditional student loan or consolidated loan. What is the price of having your character defamed by a bank? I feel like transactions are being delayed, as a new client, which, is a time crime. Breach of contract? Relative to our fiduciary relationship? I fear that my safety is greatly compromised.",1
"Was a good app for bill payment, transfers, and viewing balances. Now? Since the Note 9 has reached end of service for security updates, BoA, Amex, and Discover no longer support the app on the phone. The website still works and accepts Samsung Pass... but for many, this is a reason to get a new phone... or a new bank with an app that is still supported... Citi, Wells Fargo App still work perfectly. For awhileBoA had a grace period to still use the App with a permissions box, that stopped...",1
"literally removed functionality for my phone which is insane given that it is my BANKING APPLICATION, and they make the regular webpage so frustrating to use on phones that mobile apps are the only way to check your finances without a headache. YEARS of this being a usable app down the drain, which will make paying my credit cards through thwm a hassle. I'd give this 0 stars if I could, outrageously pointless app if it doesn't work unless you constantly buy new phones. BOOOOOO",1
"Change to payment interface is awful. Previous interface had all options on one screen, various fields were pre-filled by default values, and number of clicks was minimized. Now, making a simple payment is multiple steps across multiple pages, with manual selections for every field regardless of default settings. Making it harder or more obtuse to pay is bad business. Do you want your money or not? Revert to previous UI and terminate whoever allowed AI to vibecode your bank site.",1
"1st time user, i cant even create an account, getting error message saying ""clear the cache, app closed due to bug try reinstalling after developer creates a fix"" on a call for 40 minutes with a rep and after 8 times trying to log in the same way she was telling me, i had to get off the phone with out a resolve because she kept saying to do the same thing that wasnt working over and over... i feel like i dont need to use bank of america if they cant even keep a basic working app",1
"Easy to navigate, but there are things which cannot be accomplished here. You must log into the website to do them which is a frustration. Sadly my phone is now incompatible with the updated app which is devastating. Since my phone can't be upgraded guess I am stuck ""upgrading"" my bank to one with a compatible app which is sad after 30 years, but as Bank of America was quick to point out, sometimes change is necessary. Somehow I don't think they thought they would be replaced.",4
"05/06/2026 This is very handy. It's easy to navigate, fingerprint login saves time. Calendar is helpful. Making payments is a snap! It's really useful. It functions as I expect. I like the fingerprint login. This has improved greatly since I started using it in 2015review. There are more useful functions, and it's easier to navigate than any other bank app that I've used or currently use. The extra star is deserved. I've been using the photo-deposit for checks. Excellent.",5
"update as of 5/14/26; from one star to 2. still not great, commonly crashes when doing online bill pay. Unable to recognize money orders for deposit. From 2024 I have updated to the newest version, it still sucks. Horrible, constant crashing or closing. In 2020 and part of 2021 it was great and my review was 5 stars and described as Very easy to use. Fast operation. I will likely be switching banks due to this since BOA is pushing everything to online.",2
"This app almost eliminates any need to actually go into a bank. There are things which I can do online with this app, that are simply not available at most physical bank locations. The usefulness of this app continues to grow and evolve. One drawback is, having problems with the pin number. No way is available to do anything about your pin. You either have to go directly to the bank. Or call and have them mail whatever information you need.",5
"App has updated and now I can't use it on my phone. I can't access my bank information easily now and I can't afford to get a new phone. I have been using Bank of America for close to twenty years and will now need to be taking my accounts elsewhere. this is so frustrating. the app was good, but if I can't mobile bank and BofA won't put any ATMs in my city, I'd rather switch to a bank that seems to want me as a customer. Very Dissatisfied.",1
"your app used to be awesome I'm talking 2 years ago or so but since then you have had non stop never ending changes, TO MAKE IT BETTER. it's not better, not 1 update has made it better, it has only made it different. different is not better. Fire your IT people and stop changing the damn thing every few months, they are just trying to justify their job. What used to take 4 clicks to do now takes 15 clicks to do. that's not better!",3
I've been with Bank of America since I'm 12 years old. my parents were with them when they were called Marine Midland Bank and then they were named something else before they were named Bank of America that's how long my family has been with them and we will never change Banks no matter what. my children and grandchildren also bank with Bank of America I love the app it's become so easy I don't even need a register anymore,5
"TERRIBLE The new version's List of accounts and balances are confusing and inconsistent as heck! I have no idea what my balance is. I'm very tech savvy. I have 3 different types of accounts, one is net worth, my personal checking is listed twice w different balances depending on if you scroll down on the landing page. This is insanity. Used to be so easy, stop giving idle programmers jobs when there isn't anything to fix!",1
"VERY DISORGANIZED. Recent changes as of Apr. 30, 2026 have completely messed up the navigation, it now has extraneous pop-up functions, credit card payment function now forces a payment if late without seeing the history unless you navigate around. Bill pay function is awkward, and the ability to see the list of all bill pay activity is no longer available. also, bill pay for the banks credit cards are on a separate list.",1
"WARNING. If you use a Private Space on your Android Phone, expect a problem if you phone a Customer Service number. The Voice Response Init that answers will send a verification message to this app. If the app is in your Private Space, it may not receive the verification message and you won't be able to respond. Opening the Private Space and starting the app before you call will allow you to receive the prompt.",1
"I tried to update the app and now it says my device isn't compatible with this update, telling me I have to buy a new phone that has Android 10, my phone is a 5G and Android 10! so I don't see why it will not update, just keeps saying it is not compatible, I'm not buying a new phone to check my bank account I'll just use the website or better yet close my bank account and go with Wells Fargo.",1
"I have been with Bank of America for about 15 years. In that time they have always had my back, they actually do the best the can to protect you and your finances. Their staff is cool, even if their day is not what it could be. That staff sees to it that your day is the best it could be. B of A....you rock. Thank you They keep a close eye on your account.I have Checking and Savings account.",5
"Super Disappointed! Since the last update my Samsung Galaxy Note 9 is no longer compatible. I have an operating system of a 10 and its not compatible?! I've used this app daily for my online banking. I'm so upset the developers no longer make this app available to ""all"" users!! I cannot afford the latest and best devices on the market! I have a family to take care of!! This is ridiculous ",1
Not being able to ACH transfer directly from the app is a joke and clearly their shady tactic to force unaware users to wire transfer with a $30 fee. What is the point of having a crippled app where you have to rely on the website to get full functions to do several things? They designed this app to make it difficult to transfer between other banks because they obviously don't want that.,1
"good, but one long-overdue feature: Please add the ability to sort eligible transactions by amount (high to low or low to high) when redeeming rewards points, making it easier to match purchases to the points available. Scrolling through a long unsorted list trying to match numbers feels like playing bingo. This would make rewards redemption faster, easier, and far more user-friendly.",4
"Terribly unfriendly user interface, they rely on an AI bot that doesn't work to navigate the site. Their payments system will inexplicably cancel your recurring payments resulting in missed payments. However, making a one time payment is near impossible, and it will inexplicably push the payment date of a one time payment into the next period. Strongly advise banking with someone else",1
"Good app, but stupid. Continually tells me I've not logged in for the last month so the ""My Balance"" function will not work. I have to uninstall and reinstall it way too often. My rating will clearly go down after they take away the My Balance feature. It is one of the best features of the app, so this is indicative of how little Bank of America cares for their customers",3
i am convinced this app is garbage! i had to reset my password 5 times in 1 hr and still can not login for shat! when you uninstall and reinstall the app now it keeps going to the reset new password screen only! its time to go to Chase and be of good riddance of this frustration and waste of time trying to manage your daily finances! dont say i didnt warn you!,1
"Disgusting app design ever. I am using Bofa app but the Android interface developer team is totally doing wrong. Let them do not work, the app was performing great around 2023s. Today May, 2026 someone killed the Bank of America app's interface. Find me that developer, I will say my words to your face directly. Your app interface design is TERRIBLE.",1
I'm not able to manage recurring transfers between b of a accounts. The cc balances on the first screen don't reflect pending charges. so when I go to a specific credit card the balance is different than the summary page. why. I only use this app lock/unlock a credit card when I'm away from home. it's much easier to manage my accounts on my laptop.,2
"very glitchy,makes me sign in 2xs sometimes and sometimes I go back in and its unlocked with out password. I've uninstall and reinstalled because I've been told the app has a bug. scarey when it comes to all ur money and credit cards. cs told me uninstall and redo i hv but I leave it alone because a few times I've been stuck at register unable pay.",2
I've been with bank of america a long time and taking it from 5 stars to 1.They make it difficult to close your account. I have wanted to close the account for awhile!Yet ate fine to keep taking $12.99 every month though im not using it! I dont like the ai chat.And I dont need a specialist i need you to close my account or refund all of the fees!,1
"This app barely works anymore. Saved User IDs get deleted, passwords aren't saved anymore and recently I've had the Terms of Service come up every time I open it, I hit accept and wouldn't you know another one shows up the next time it's opened. It's very frustrating to have to fight with the website and now the app to get anything done anymore",2
This is the most beautiful banking app I have used in this country.. Doing your transfers and paying transactions and direct deposits as well as checking my balance from my seat at home or even out shopping. Helps maintain my budget line. What more could one look out for. I am a hundred percent satisfied customer. Thanks to Bank of America.,5
"Although I haven't used everything on the app..........what I have used has been very easy and understandable. The app has made my banking experience very enjoyable and informative. I normally prefer to have communication with a real person, but the AI in this app is so good that I feel like it is just as good as the Real McCoy.",5
cant get into my back account and im convinced to work at bank of america you have to promise to never answer a phone call on the job....been to the back twice closet bank to me is 45mins and i need some info to set up a direct deposit...been trying to call banks close to me and all the numbers provided for 4hrs and nothing,1
"While this app is reasonably easy to use, there could be a better ""at your fingertips"" mode. sometimes the data needed to look up is too buried in *hoops to jump through"" When looking to see if a payee is in history perhaps indicate whether it is a ""yes"", or ""never"". A type in or search for payee records only, maybe?",4
"I love this app. No lagging, easy to use, just enough bright colors to keep you engaged, but not too much to confuse or discourage. You can find almost everything you need to know about any given product. easy to read and understand. apps are as good as the person that builds, input and creates. This one is great!",5
"I am finding BOA app is user friendly, and the font is bold and clear. Thank you! I really miss the fact that I used to pay my car note via the mobile app, but it is no longer available. So, now If I want to pay my bill, I now would have to pay $30 and pay it like a wire. but other than that, this app is AWESOME!",5
"I'll need to stop using my checking and savings from BOA, there's no way to deposit cash into my account, because the nearest atm is in a city an hour from mine and half the time they don't allow you to deposit cash. There used to be a branch in my city, then they removed it. It's so frustrating and inconvenient.",1
"I love bill payer I can sit down pay my bills in asbout 12 minutes and go on my way because I am done paying bills. I still love Bank America and bill payer, and the easy accessability that I have with Bank America to all my accounts day or night, and at any time I really like the changes you have made recently",5
"#1 by far: much easier customers if you would include a way to show a password. your competitors do it. why won't you? also better if you would hold off automatic logout for at least 20 minutes third, why not copy all website features to the app? having to interact with your app assistant works, but is clunky",1
"app suddenly not compatible with my phone. how does it feel to basically be a proxy for phone manufacturers. You help them force people to buy new phones in order to use a app that worked fine until you ""update"" it to force people into phones they don't want or can afford. you should be ashamed of yourselves.",1
"For such a huge corporation to put out such a buggy app is embarrassing. I have to start this app twice to get it to run. First time, it crashes immediately. Second time it runs. It's done this on every phone I've owned, so don't say it's the phone. Update 5/13/26. No change. Still buggy. Does BofA even care.",1
"Have not had any problems with what I do on the app. No need to edit, works just fine for what I use it for. Still going good. Have had no problems with this app for all the years I have used it. I am not computer literate so this app is easy for me to use. Thanks-dont want nobody getting my money ha-ha.",5
I had the app one week and the password was changed you send me emails with my balance and I went to another branch and it said on May 1st I had almost 2000 dollars in the bank my emails were saying -2.06 cent's now Social Security wants to know how I had so much money there that's what I want to know?,2
"I like both the mobile app and the website. The only issue I've noticed is that sometimes the website gets hung up, and after waiting for the page to change, I have to refresh, sometimes more than once. I've also seen this on the app, but not as often. Regardless, I still gìve it 5 stars.",5
"The automatic response from Erica are useless! Besides that App works great. I like the interface, easy to review transactions, and Zell is very useful. I usually like the app but Erica is unless and how they try to use Erica for all interactions is very frustrating. Thats why I give it one star.",1
"Great access, been with Bank of America long-time, since Fleet.. I'm very satisfied with BOA. They protect my money and provide great service. Phone operation could be a better. They are week when it comes to reachimg customers on the phone.. Put an eye so we can see what is being taped in..",5
"spent 30 minutes going in circles trying to ""make a new payment plan"" as demanded. Couldn't find my checking account at WellsFargo, and when I manually entered routing and account numbers, it complained that it already existed! Doesn't anyone debug their site before demanding these changes?",1
"was good until the last update. the app kept telling me to update.when I tried to update, I keep getting ""Your device isn't compatible with this App"". I meet the android version 10 minimum. I tried every online but nothing seems to work, and i don't want to buy a new phone because of 1 app.",3
"The app is user friendly. Only drawback is that we can see statements of accounts as per the closing date monthly, there should be an additional option to download statements between 2 dates as per the customers requirements giving details of deposit/withdrawal and balance in Excel or PDF.",4
"I'd rate it lower if possible app keeps crashing, causing battery drain due to staying open. interface is fine, however the fact I have to sign in twice due to it crashing then get notified daily that it needs to be put into deep sleep because it's draining my battery is a bit annoying.",1
"I have SM-N9600 Samsung Note9 running Android Version 10 and I cannot download and use the latest app version because it says my phone is not compatible. I am not getting a new phone because YOUR software is now not compatible with my phone, which works perfectly fine for my purposes.",1
"You make it easy & faster to get into your account by the way of my signing in, then a code which is sent to my phone without me having to copy it into my account. Bank of America has the fastest & safest way to log into your account. Depositing a check is also easy to do.",5
I am no longer enjoying having my banking abilities on my phone. With the new app I am no longer associated with BOA electronically. I can no longer bank online. My only recourse is to delete the outdated app and after 54 years with BOA I will go to another bank. So sad!!,5
"works great, easy to login and very reliable. I've never had any issues with security breaches. The only thing I don't like is how Bank of America credit cards are organized with non Bank of America credit cards. they're shown on separate screens and I find that annoying.",5
Easy to use . All important information is right there. I don't feel any worry about the security of my account. The app is actually easier than a B of A atm to use. Update: 5/15/26 Still easy to use app. very little difficulties and no errors in using the B of A app.,5
"if I go online on my computer to make a fund transfer from my BOA checking account to an account at another bank before 8pm, the money is received the next day and there is no fee. BUT, IF I USE THE APP TO MAKE THE TRANSFER YOU WANT TO CHARGE ME $30. WTH?????",1
"BofA is a predatory bank to begin with, but this app won't stop hiding more and more functionality under more and more menus. There's no good reason to do this other than to push more people into using the dumb AI tool that gets literally nothing right.",2
Terrible app and I know banking apps. I've lived in 4 countries! The free ACH transfer option is not present unless you're on desktop. there are no round up or automatic saving/sorting features. even paying to your own accounts is convoluted and slow.,1
"Confusing app I have a BOA CC and they make it so complicated to use, and pay. I have had Citi for years and Citi makes it so easy to pay balance or custom amount. I just dont get BOA. I will be closing this account and sticking with my Citi card.",2
"I like the first page of all accounts are clear, going into each account is not very clear and loops back to making another payment of the same account which is irritating. also the whole payment option needs to be more mainstreamed and easier.",3
I can't update my app because my device apparently isn't compatible with the new update so I can't even use the app anymore. it won't let me login unless I update which I can't anymore because the new update isn't compatible with my device...,1
Your accounting i.e simple debits and credits defies logic and departs from accepted accounting rules. An advance payment does not reduce available credit for the customer. It's mind boggling you way your system accounts for such transactions,4
"card locked for a small transaction that failed, been on hold for 53 minutes and counting. one hour and 45 minutes later got through. tried to use my card and it locked again. I'm back on hold Tuesday morning at 30 minutes and counting.",1
"Easy and convenient. I enjoy it. Glad to have it available. I like the fact that the bank is always vigilant of all my transactions. I'm satisfied with their alert systems as well. Thank you, B of A for always keeping our accounts safe.",5
Fantastic!! Use my laptop for setting up the individual details but for daily use this app works to execute my day to day banking tasks. Needs expanded dark mode Personally am planning to obtain a larger for continued use of application,4
"Very easy to use, easy to read and understand. Also everything is at fingertips. However, they are stopping the link to check your balance with out going into app. Not Happy about that. I will be moving my account to Chase Bank by July.",3
"Use to work fine on my cell which is galaxy note 9,now it says is not compatible with the phone,sad news, they should updated without discrimination. And i am not planning to replace the cellphone soon.,hope they fix the glitch soon.",1
I'm very grateful for the service share with us because it makes a big difference. So with that being said please give it a try and watch the difference it will make while banking. Thanks Bank of America keep Up the Excellent Work.,4
"I've been using the app for several years now, and it's very easy to use. Everything is clear and concise, and it works like a charm. I really like that the account shows how much is available and how much is pending and minus .",5
not compatible with my Note 9 anymore and won't update. I can't even use the app anymore to see my account and funds. livelihoods count on this working and to be suddenly cut off because you have an older phone is unacceptable!,1
"It's an emergency I'm trying to update my bank app because it won't let me into my account and I'm locked out of my own bank account..... Are you freaking kidding me, not compatible with my phone anymore, Really bad business.",1
Update of app is not working. can not log into my account this is unacceptable. Get saying I do not have the right version. I've used this phone for the last 4 years with no problem Now the app will not work with my phone???,1
It's one of the best! Always making incremental improvements - the pending removal of the my balance feature being removed is a mistake. I guess there was big mistake somewhere along the way but this smells like one too.,5
used this app for years! now the developers have EXCLUDED Me and my phone for an update. Now me and my family are denied this app usage! In this day in age when upgrading a phone is expensive and not feasible for ALL!,1
"This app is why I stayed with BoA even when they sold off the branches in my area. It does everything, and it does it well. I wrote this review 7 years ago. I still feel the same way about the BoA app. It's the best!",5
this Bank sucks they will let anyone hold your money and leave you with not one cent. I can't even get to work because they allowed a hold on my funds from child support when I already pay every week out of my checks,1
I have had an account with B of A for over 40 years. Except for a couple of hiccups when they updated something. The you call Customer service and they help! I have been very happy with their service and products.,5
Transaction history should be the first option and it's not even an option. You have to ask it as a question. Most people that log into your app do so for it's transaction history. It should be a default option.,5
I have a Smartphone but it's not an updated model. So for that reason the app refuses to download on my phone. Sooooo I gotta get a new/ updated phone just to download an app???? Shame shame BOA. Not happening.,1
the new update is not compatible with my device this is Ridiculous I can't change my phone and I need to access my bank account. Because of the new update is not compatible with my phone I can't get the app?,1
I can't update this app because my phone is not compatible. I am not going to get a new phone just for 1 app. How can I get this resolved? I can't check my bank info unless I call. please help. thank you,1
CAN'T LOG INTO MY ACCOUNT!!!!!! You made me change my password of 12 years and I don't remember it because it's different now from all my other banking apps. I'm literally pulling my money out tomorrow!,1
So far so good. Really convenient. Stays up to date. No issues. its the end of 2025... still doing good. no issues. Edit... May 2026: Still recommend. have yet to have any issues with Zelle or transfers,5
This new app doesn't work on galaxy S9+ says it is not compatible. What do I do now for an app that works. My old app worked up till this week. Now I don't have BOA phone app that works. What now!!!!!,1
"I changed my 2022 rating from a five star to a two star rating. The primary reasons are (I) constant problems logging on, and (ii) the bank's use of the app to cross-sell other products and services.",2
"The website was broken, so I was forced to download the app. if they have to force me into downloading their app by making their website unusable, then it's a bad app. good apps don't need coercion.",1
The app was decent up until them trying to force me to update a app I can't update. I shouldn't have to buy a new phone to do my online banking. Going to close my accounts in the morning screw boas,1
Ridiculously complex process adding a source for a credit card payment. Absurdly overcomplicated way of setting up credit card auto pay. Just compare to a 1 or 2 tap process in other banking apps.,2
This is not the bank you are looking for. They closed my account 3 months after I opened it and won't give me a reason. Obviously they don't care about customers or the problems they cause people.,1
"I've literally used BoA online for decades on my tablet, phone, and desktop. It has changed over the years, but has remained reliable and an excellent tool for managing my resouces.resources.",5
About Balances transfer its One of the best Bank of America ...Nice and friendly team easy to call easy to transferring fast and good offers of years length 0%interest. Love and Blessed them,5
"My experience with Bank of America is extremely excellent, I been with this Bank for so many years and I appreciate very much your support and attention in tracking every single transaction.",5
always a pleasure using my mobile app or going into the bank. very courteous in all aspects of professionalism with my account. I would recommend b of a to anyone in my family and friends.,5
"During a time where fraudulent charges are rampant I would highly recommend banking with BofA. Their fraud detection is second to none. Also, the app is great. Zero functionality problems.",5
Just because I have an older phone (galaxy note 9) the app won't let me open it anymore claiming its not compatible. Ridiculous!!!! Cant get a new phone right now so can't even do banking.,1
Does exactly what I need and want! Keeps me updated. Very easy app to help guide you to any issue. But sometimes you do need a live person to help with other problems that may arise.,5
"extremely unhelpful! Samsung 9 with no alternatives for new App being demanded. 72. Parkinson's Disease, Ruemitoid, on Medicaid, no money for a new phone. Unacceptable customer care.",1
"installed app refuses to run, wants to be updated, but the new version can't be installed on the version of Android my phone is running. Android devs suck at backwards compatibility.",1
It says my device is not compatible with the updated app. I need to be able to access all my information of my account. I'm not Bind in new phone just because your app is upgraded,3
"I find it very easy to use this app for all of my banking needs. From checking my balance to making payments, using Zelle to send or transfer money. The app is clear and concise.",5
"This app is the ONLY banking app that doesn't show transactions under each account. in order to see them, you have to engage with their obnoxious bot. This is extremely annoying.",1
Easy to use app... I can handle all my banking needs without having to speak to anyone. I recommend BofA if u are looking for a bank where all ur needs are rite at ur fingertips,5
everything is easy and understandable to use. The AI helper you have (I forget her name) just doesn't know anything! I don't think she has ever given me an acceptable answer.,4
I have my personal and business accounts linked and when I try to switch from one to the other it logs me out. Have talked to people over the phone and nothings gets resolved,1
This app doesn't work on my new phone. It crashes after I put in password and go to put in security code sent to my phone. Ends with message saying there is a bug in the app.,1
"This app is very helpful . it is easy to use to deposit checks, and you can access zelle to transfer money. It has a lot of helpful features. So far, I am happy with the app.",5
"BEST APP EVER! Easy to understand, Fast, Complete direct, useful content app. Love the features! It's extremely important and helpful to my Everyday life daily, thanks BOA",5
all of a sudden the app stop working after asking me to update. now it's stating my phone is not compatible anymore with this version.......after using this app for years.,1
The only problem I am having is remembering my password. I lo ve how convenient the app is. It really helps me every month to figure out how much I need to pay. Thanks BOA,5
Easy and convenient with all the details you need The only thing I don't like is that it closes so quickly while I'm trying to balance my account which it never use to do,4
Excellent service. You are always on the look out of scammers 24/7. Thank you so much for guarding and protecting our hard-earned money. You are the best Bank in the U.S.,5
Very difficult to navigate payment option. The update payment option is more confusing than the previous one. It appears as though you are only able to pay full balance.,2
"Can't log in, can't get any customer support. WiFi and mobile connections are dropped as soon as I submit the security code. I'm using a moto g play running Android 14.",1
"So, the only way to utilize your mobile app is to agree to a new user agreement? The main reason I only use your service for paying bills and saving with my other bank.",1
"The app suddenly removed my bank accounts for payment, so I add my account info, then it says you can't add an account that already exists. So now I can't pay my bill.",1
This bank is taking away the quick look on top to check and see how much $$ you have in your account.. very stupid! why...what's the issue...don't like Bank of America,3
"everything i need in a bank, especially Security and notifications of anything remotely suspicious, helps to keep feeling that all is okay. keeps me on my toes also.",5
"I have to say that BOA has done a nice job at upgrading the security of their clients. With the crazy world we now live, I'm glad my information is safe at my bank.",4
"After update 05.07.26, cannot mobile deposit. After front image attempt. screen blanks and does nothing, does not save image, does not allow completion of deposit",2
Even have a BOA account and trying to make a payment for BOA credit card still need to go through setup a new payment account the whole process. This needs to fix,1
I have used the B of A mobile app for many years and find it to be very useful and easy to navigate. I have no complaints with the service or with response times.,5
"New date 12/18/2024 still fast, safe, convenient! I've been with this bank and this app for more than 16 years and I'll continue as long as Bank of America lasts!",5
terrible. I can't download this app so now I'm shut out of my account electronically. can't pay my credit card payment or even check my balance. no stars for you!,1
need help I cannot open up the application because it says it's not compatible with my phone I have money coming in and bills to be paid please don't shut me out,2
"Pretty good app. One request would be to have the ability to view what I've typed as my password before submitting it. A simple typo can make it fail, of course.",4
"This application is designed to be user-friendly and offers the most efficient way to access your account, pay your bills, transfer money, and view your balance.",5
"The credit card section is completely messed up. Previously, it was easy to tell how much I owed, but the recent update doesn't even show the balance properly.",1
"The integrity, safety, and security of this app is well deserved. Further more, why not add ATM machines that will except all my hard currency into my account.",5
Keeps asking me to update. I agree and nothing happens I'm back to the begining. It's a never ending loop 5hat gets you nowhere. I just want to do my banking.,1
Bank Of America I Love You Always Forever I've Been With Bank Of America For Many Years And I Love It Employers And Employees Every One Is Super Great ,5
Confusing and frustrating. Absolutely hate this app and motivates me to avoid using the credit card. Seems designed to cause you to avoid or miss payment.,1
"very profesional, great customer services, a special thanks to customer service at the brach yesterday 5/4/2026 Representative Ray Ventura, very helpful.",5
love this app. easy and private you always know how much is in your account and can ask for assistance or help 24hours a day. would be lost without it.,5
This App is very good because it's easy to use and you can check your bank account anytime of the day or night I Love using it very convenient for me..,5
this app has been phished and is unsafe for users May 2026 moving forward. The vulnerability has not been fixed. Will edit to up date if this changes.,1
THIS SPACE IS FULL OF FAKE REVIEWS!!! Still says that its not compatible with my device anymore. Are you going to fix? this isnt okay. FIX IT. well?,1
"Mostly the app works, but almost never lets me mobile deposit checks. Gives errors saying it can't read all the data, even when the pic is perfect.",2
overall the app does work really well but now it's no longer is compatible with my phone which really bothers me. I guess it's time for a new bank.,2
trying to pay bill and couldn't find. Just use to get to cash back reward since website doesn't allow that. weird experience that neither does both,1
"it ducks you took a simple ap and ade it way too complicated, 4 attempts bil still not paid. besides I pay two a counts and they get posted wrong",1
"Bank of America is extremely helpful, no matter what issues turn up Bank of America is always there to save the day. Thank you, Bank of America!",5
very pleased with the app. have used it for years. common features are easy to access with only the occasional added clicks to get to something.,5
Everyone at Absecon branch always friendly n helpful Ashley (I think was her name) who helped me set up online banking very helpful n pleasant.,5
This app isnt compatible to my Samsung Galaxy A11 running on Android 10. I need this app to do my banking. Please Update this issue. Thank You.,1
Easy to use and Erica (chat) answers all my questions on functionality. She can also take me to the location in the app for what I need to do.,5
why you always ask me to update? why my phone is not compatible? why you ask me to buy a new phone so that I can install your app? ridiculous,1
"I've always used this app, I dont have a super old phone but now all of the sudden I can't use the app on my Samsung galaxy phone. Horrible.",1
"App says I need to update app. When I go to update, it stating my Note 9 phone is capability. update or no choice but to find another bank.",1
can't afford a new phone at the moment and not compatible with my phone now. looks like I may need to find a new bank. ,1
"Bank of America in my humble opinion is a great bank institution. I like the security the they offer,and their employees are well trained",5
FICO score now comes with strings attached. Statement activity no longer available in QIF format. They keep changing the rules on people.,3
Confused. I wish YOU had a option to not make changes. Bank acct. missing? Yet my payments are recurring. I know I'll be contacting you.,1
My only issue is that if you need to download detailed ledger information you have to do it from a computer you can't do it from the app,4
The deposit process on this mobile app is smooth and trustworthy. It's an example of why I have been a BOA customer for all these years.,5
"This app worked well, however recent changes have made it unable to function on my device. How am I supposed to view my banking details?",1
There is no way to do an ACH transfer through the app. This is one of the key features to any banking app and it's completely missing.,3
Always does what it is supposed to except for those rare updates or whatever happens on occasion. A year later and still works great.,5
I still Love the app. Keep up the good work. great app. Love it Ya'll are still keeping me happy with banking with you. Thanks ,5
The app is better. It gives a detailed description of my accounts and provides other information to the help my financial needs met.,4
was directed to use your site to file a fraud report. I was unable to do so. PLEASE ADVISE ME HOW TO FILE THE DESIRED FRAUD REPORT!,1
"Horrible, I have a Samsung 9plus and the new bank app doesn't work on my phone. That will mean I am FORCED to buy a upgrade phone.",1
So now people with older phones can't access their bank app?!?! thats ridiculous and stupid..not everyone has a brand new iPhone..,1
The last change doesn't show the upcoming payments to BOA credit cards so you aren't seeing all scheduled payments under activity.,3
"Apparently, my device isn't compatible with the new upgrade. I hate BOA pos bank I've never had a good experience with them!!!!!!",1
Been a Bank of America customer for many years and now I'm told I have to buy new phone in order to get the mobile app. Not right,1
I can't access my account. It doesn't make sense to have a bank account if I can't use the app. Time to move on to another bank.,1
Just downloaded the app and a review was already requested after the first quick scan. Seems to have most of what I need so far.,4
Please put the credit card payment screen back how it was. You've just unnecessarily made it several screens long and confusing.,4
sucks I have to buy a new phone to update my app. I shouldn't have to spend hundreds of dollars so I can look at my account info,2
can't open anymore because I don't want to buy a new phone every 2 years and they don't bother to push updates to old devices.,1
it took 2 hours for customer care to answer my call no matter how many times you receive new card your data is always stolen.,1
The App no longer works for my older phone and there's no continuing support so I'm effectively locked out of mobile banking.,1
"Purchase notifications are broken. That needs to be fixed. Other than that, the app gets the job done and works as expected.",4
So far I like it has more options for security on the account bcz I pay most of my bills on Auto mobil pay it's better now..,4
I have a note9 w/version 10 android and app says it is incompatible and won't download. Now I can't pay bills due. SUCKS!!!,1
"works OK, with the exception of Erica the AI part that does not work, and customer service can't do anything about it.....",3
"It does for me all that I need it to do. From 2018 until now, still loving it! Easy to use, and seemingly getting easier!",5
"Altho a customer for over thirty-one years, you dismissed all the hacking I experienced last year. YOU OWE ME THOUSANDS!",1
"me ayuda mucho para revisar mis pagos,ver el dinero q tengo. me facilita mucho puedo enviar dinero a mis nietos! gracias",5
After using the app a few times I got it figured out. it's easy to navigate. All the bells and whistles are right there,4
I find the process very clear and understandable. I would recommend to others. thanks f or your support and usefulness.,5
Still no dark theme after years of promising improvements. Please! This app needs a dark theme/mode. Otherwise 5 star.,2
Probably one of the best banking apps anywhere! BofA is well ahead of the technology curve compared to competitors. ,5
they overdrafted my bank account to pay YouTube premium but they won't let me overdraft it to get my family some food,2
My experience with Bank of America is always pleasant. They always help me with everything.I need thank you for that,5
"BofA app is an excellent service for customers!! It works perfectly!! So that, I can do everything, fast and easy!!",5
"This app requires Android 10, It should work on my NOTE 9. App is totally useless now. Anyone else with this issue?",1
"Rate this app back in 5/2014 and my feeling haven't change still in love with the app,everything all in one place.",5
there is no way to chat with reps you have to call and can't check the number of your account you are paying from.,2
New forced update I'm told isn't compatible with my phone and now I don't have access to my accounts. Ridiculous.,1
Ridiculous that a bank is no longer compatible with my moderately aged phone. This needs to be fixed immediately.,1
"what can I say about my online banking! it's great, I don't have to go to the bank and that's time saving for me.",5
cant get a new phone and now I'm blocked out of my account because of bs updates... what about access for us ???,1
this is the absolute worst bank you could ever be with. better off with a rusty coffee can on top of the fridge.,1
Very complete. Well organized. Simple to schedule payment to an existing payee. Offers useful spending insights.,5
"I got a new capital one credit card. I go to log in to the app and it wants to send a code to my phone. I never get a code. I clicked the call me option. No phone call. I dig and see an option to upload my ID. I click it and nothing happens. I call them and they say it's because they can't verify my identity through my phone number. They were happy to ding my credit, open the account, send and activate the card, but when I try to manage the account that's when security kicks in. I cancelled it.",1
"It's not as good for online as much as I thought. Very limited setting you can do. The ai (Act)knows everything and acts knows nothing same time a very low informative Ai chat. Instead, put a chart to see the income, saving, etc. The app ui is very simple and feels old dated. Also, there is very limited control over your employment status or atm withdral ( Varies the atm you chose!! It's work perfectly, tho :)). Everything I need to call or visit café is a joke.Love the platform but not design.",2
"This is yet the best way to manage my banking needs, Great and easy way to use Capital One App (posted years ago) .!! ""It was working perfectly for many years, for the last 6-9 months some times let me take care of my payments sometimes it doesn't and just cut me off and sends me to sign in again and again. I am so into this Online Banking with Capital One that it would be a shame to stary looking for a different online banking institution. Please Look into this. Thank you. (posted on May 202)",5
I have no idea what has happened to Capital Ones customer service along with the app. i have spent now weeks unraveling a nightmare because I accepted tjeir invite for the 365 Checking Acct. I almost felt BULLIED into signing up for the service. And once they had access? to my additional financial institutions? it because a series of holds and fees and MANY INTERACTIONS with CSRs. An absolute nightmare. I definitely cannot recommend the app at this time. especially for the attempt at banking.,1
"3 . . there's no option for a Statement online, I cannot find my Accurate Balance.. . I over drawn my Funds, And didn't know when I was on empty balance, The A.I customer service text Chat was not that well programed to answer the questions of Online statements or Balance. I just wish Companies Would see the Importance of the Working Class, and Care to supply A Guarantee Application, that is Helpful Not Frustrating, just to Save a few pennies . People Put their Trust into these companies!!!",3
"Far & away the most annoying financial app I've ever used. I pretty much love EVERY other one aside from Capital One for one simple reason: Amex, BofA, Chase, Chime, Citi, Discover, Sofi, nor Synchrony will bombard you with credit card offers EVERY single time you log in. NONE of them do that, but Capital One has no shame and makes you hit stupid buttons titled ""Decline Free Coupons"" to deceive you and make you feel dumb. Once I pay off my auto loan, I won't be able to uninstall fast enough!",1
"I was pleasantly surprised when I was Approved for this card! and a Capitol One card at that. I've been slowly fixing my credit forever now, it isn't easy, especially on a limited budget. I got turned down time and time again, and that was just at the Pre-qualification point! I sincerely thank C.O. for giving me the chance to start building healthy credit again. I had a series of unfortunate events, beyond my control. Now I can work on getting back to where I use to be! This is so exciting!",5
It WAS working great but over the last few weeks suddenly I need a one time code sent to me EVERY TIME I OPEN THE APP WITH MY FINGERPRINT. Why is this necessary EVERY SINGLE TIME? The first time it started asking for a one time code it failed to send a code SO MANY TIMES it told me I had used the feature too many times and my ONLY option was to turn on my phone's NFC and put my card to the phone. How many people steal someone's phone AND finger AND then try to check the victim's statement?,2
Since being forced to move over from the Discover app (which I vastly preferred) I have noticed some quality of life options Discover had that Capital strangely doesn't. I don't understand why pending charges don't have a subtotal of what my balance will be once they are added. Why do I need to leave your app to figure out what my balance is. That's your job. Why is there not an option to auto apply cashback to my balance? There is a whole 7 extra steps now I never needed before. Baffling.,2
"we get paid once a month, I am doing my best to keep my credit card up to date, I usually pay more than just the current amount due. I try to pay off my small one, my wife has a small one, my large one time is the key with that one. but I have paid it off in the past if you look. it takes time, we don't get snap, this is the way we do it, with the card. this one is for my dog and I didn't realize that it was so much this time. I'm working on getting it paid. I don't want to lose this card.",5
"A company fraudulently took my money. I reported it to the bank and the bank decided that it was my fault I was stolen from. Beyond that, the change to Discover has made transactions more difficult. Some places don't take my card, while others don't allow Discover Cards to tap to pay. Worst of all when traveling I can NEVER find a Capital One Bank. I decided to switch bankers because of the list of problems they continue to create for me, but mostly because they let a thief take my money.",1
"THEY BUG AND BUG AND BUG ME SAYING IM PRE-APPROVED FOR AUTO LOAN... I FINALLY CHECK IT OUT AND THEY SAY I CANT GET A LOAN .... EVEN THO I HAVE GOOD CREDIT AND I ALWAYS... ALWAYS... PAY MY BILL ON TIME... AND IM DENIED... LOL SO BASICALLY YOU LOSE OUT ON MY MONEY.... YOUR LOSS YOUR LOSS YOUR LOSS YOUR LOSS!!!!!! SO BASICALLY... I DON'T CARE WHAT IS HAPPENING IN MY LIFE... YOU WILL NEVER... EVER... EVER... GET A LOAN FROM ME.... NO MATTER HOW ""GOOD"" YOU THINK OF MY CREDIT IS... STUPID MOVE.",1
"We’ve noticed you’re not set up to receive important account alerts via text or call from us. By enabling alerts for your mobile phone number, you can get notified quickly with important account information and updates. Rest assured, we will only use your mobile number to contact you about your relationship with Capital One and not for any marketing communications. (AM DEAF NO DON'T BE CALIN ME ANYWAY U V MY EMAIL ALL NEED! WHY SET WAY IT IS DEAF CAN'T HEARS ON PHONE DUH RESPECT MY ADA!)",1
"worst service ever! I just opened the account. my paycheck was direct deposited last night, I go to check my balance and it shows 0 dollars. so I call them from the number that I opened the account with, answered all of their identity questions properly but they still wanted me to take a picture of my ID. I explained that my camera is broken on my phone. so they say that I can use another phone number to verify, so I have them send it to my sister's phone. they still wouldn't take that.",1
"app is great but their banking is mediocre at the best. always take so long to process the payment, usually all the purchases are stuck pending for days. also their credit line decision is one of the worst among every bank I've been, their cards are the one that gives me the lowest line so I had to stop using them! I can't believe I have 800+ credit and proof of long credit history yet my first card has limit of $750! can't believe this, most of my other cards are well over 10k limit.",3
"If you travel internationally, Capital One's app is f'd up. I'm American, but I travel to Vietnam frequently, so I default my phone to Vietnamese, which, like many languages, swaps the decimal point and comma, unlike in the US. This makes the Capital One app go haywire. It forces me to use Viet notation, but then it doesn't seem to understand that notation! For example, it forces me to input $1000 as $1000,00 but then tells me there's an error in the amount and won't let me proceed!",1
"I'm locked out before I even get started! Then there's ph #s on the acct that are NOT mine! & no one can help me til 8am, if I would have known I was going to have to go thru all this I NEVER would have applied for their card! pffft waste of my time!! There are PLENTY other banks to work with, this bank is lame! TO MUCH security, I like my accts to be secure but I shouldn't be locked out & have to prove myself before I start! I hate this app & bank! I'm never using this card!",1
"This is definitely a must have.I love that I can see my bank accounts along with my credit cards. Making payments to my credit cards are done instantly with ease. You can view everything in one app payments, interest rates, charges, even if you want to increase your card amount you can do it without affecting your credit if it's not approved,and consolidating cards. I could go on and on and on. I would say switch if you're not with Capital One the benefits are worth it.",5
I have this app where my sign in is tied to my fingerprints. Now it is requiring 2-Step authentication that only serves to be annoying because my sign in is tied to my fingerprints. There is no way to turn this off through the app and the kicker is they replaced the chat with an AI bot that is quite possibly the most useless AI chat bot on the planet. This app and company uses intrusive software that only annoys the consumer and does nothing for actual security.,1
"I opened an account and they immediately restricted it because they said they need to verify my identity I call support verify my identity and they open my account saying I'm good to go. 15 minutes later my account is restricted again. call support,verify, supposedly good to go in less than 24 hours of opening my account I've had to do this 5 TIMES!!! as soon as I get off the phone with the support after verifying my identity sending in my ID it happens again",1
Update 5/2026 -App is still bad in 2026. WAY too many bugs it's so inconvenient. Update: SAME FULL OF BUGS 1/30/25 -This app is still trash and capital one is NO HELP!! Updated Review: This app still stinks I'm so disappointed if it wasn't such a good bank I'd leave over this terrible customer support. I even got a NEW PHONE and it still sucks even with added issues. CAN'T USE CASH OPTION...ZELLE ALWAYS THROWS ERRORS CAN'T ADD A NEW PERSON,1
Unable to get into app cause keeps using my old number I haven't had in 3 y rs. Called and updated info but still can not get in cause it uses old number so can't put in security code despite verifying on their special system. It's even changed the number on my new card to my old number and I got that card with my current number.so can't connect cards with bass pro where I got them can't view balances or pay bill unless I go to bass pro.,1
I can't add all the Capitol One accounts on the App! The app adamantly refuses add my Kohl's account. Then it asks me to tap my Capital One card to the phone to verify my identity. Three times! Maybe if it starts WORKING I will give it a better review. Don't hold your breath. May 2026. It REFUSES to let me add my wife's Kohl's account BECAUSE I am not the primary account holder. So I can't make a payment! I say that's inconceivable!,1
"it's a great app yes. but here's an issue. why is there no other way to get forgotten sign in info? tried changing my number to my new one, but it claims it can't find it. can't get an email link because that's not an option for some reason. you can call, but if you don't have your account information, you can't do anything. that's annoying, there should be an easy way to change your number to help sign in or get a link via email.",4
so far so good.. capital one app is very easy to work with and I like how much is done to track your credit.. im 43 and trying to build credit being an early 80's baby I didnt understand the importance of credit and the kind of life your forced to live without it. capital one came through and tied to my bank gave me a good outcome so hopefully ill be where I originally planned to be in a year.. not a bad experience with them yet,5
"I am able to do all my banking from wherever I am! Fraud Dept is the best. the last few years, small amounts of money were attempted to be withdrawn by ID Theft Criminals. These charges were from California/ purchases I'd never buy . The most absurd was a request to accept a phone call from a Inmate from a Prison. I've no connection with anyone like that(Yet). they've saved me several thousand since I joined TD around¿2017.",5
This App sucks! Can't get my info on my Savor One card at all. Keeps saving old phones numbers from the past. Keeps showing the old checking account that was cancelled ten years ago. The customers service department is altogether useless. Last but not least your I.T. Department needs fix or revamp the APP all together. Btw you all at Capital One bought Discover Network Their framework will not help Capital One at all.,2
"The UI is great, the only issues I have are that adding a new email or disconnecting one automatically throws your account with zelle into a 14 day hold. On top of this you're bringing things like buckets used heavily from Ally and SoFi but only giving it to a small group of people, not everyone, despite thousands wanting access to this feature. Can y'all not be stingy and roll this out to everyone already !?!",3
"Capital One’s mobile app is very easy to use and makes managing my accounts simple and convenient. I like that I can quickly check my balances, make payments, view transactions, deposit checks, and stay on top of alerts all in one place. The layout is clean, the app runs smoothly, and everything feels secure and organized. Overall, it’s a reliable app that saves me time and makes banking much easier.",5
"It's a great app. Just need it on my SD card. update: changed to one star because there's no 0 stars. can no longer use the app on my phone all of a sudden. now have to drive to deposit money thru ATM close to me(only 1) no warning that was going to happen. says version 10, and up(my phone is a 10) not true. has to be at least an 11 version for Android. can only use online acct with limited tools.",1
"Hands down the worst bank in the industry to deal with. I have many credit and bank accounts with many different banks. capital one is by far the worst I have ever worked with. support is terrible and degrading. terrible company with terrible business practices. Do not trust them, do not do business with them unless you like to be treated like subhuman garbage cause thats how they will treat you.",1
"the app is OK and works as it should but is not very intuitive from the users experience. For example, bill pay could be simpler. Why do I see commas but I have to search for the decimal point? You're a bank. I'm paying a bill not writing a thesis. Your app puts the commas in automatically if needed. It's a minor inconvenience but that's what pops in my head every time I use it. Just my 2 cents.",4
"Posted payments are confusing, several apps instead of using one to navigate discounts and shopping offers. Very happy with actual credit cards but definitely won't switch to banking unless the ability to export CSV transactions is added to app. Absolutely love the subscription manager, had tried unsuccessfully to cancel Audible on my own, but was able to do it in 2 minutes using Capital One.",4
"Too many errors trying to log in. It won't recognise my fingerprint, It took 3 weeks to verify my phone number. When it didn't allow my phone number it wouldn't let me use my email for verification. I had to send my driver's license, and it still took another week for someone to finally help me. This is an awful lot of trouble for such a tiny amount of credit. It really isn't worth it.",3
great company a little confusing when it comes to the app and the ui like navigating around to different cards but the service is fine I do think the pending transactions and all that need a little work cause its always way behind so you just gotta keep track on spending yourself alot more but other than that I've been with capitol one for years now amd I like the company as a whole,5
I was transferred 3 time before I. Got the info about my account I was told by all 3 agents that if I made a payment I could get a new card sent to me. I paid 1/4 of my bill. Yet was told by the 4 agent that I would need to pay it off before I will get a new card. The 1st agent I spoke with said yes I can cut up my card once I cut the card up all 3 agents asked for my card info!!!,1
"never had a problem with this app. I love the security. I love the features being able to pause my card stopping from taking transactions when I lose it and turn it back on if I find it. love it! easy to use app, especially when it comes to viewing transactions and looking at your credit score. it gives you everything and one app good to budget and take care of business",5
"Annoying app making me verify my identity every time I login! As a credit card, they're pretty terrible, too, with their low limits, stingy limit increases, and insanely high interest rates, make it easy to store away and NOT use. Also, with Capital One cards slowly being moved to the Discover network will surely cause problems with marketers accepting the credit card!",1
"Changing my review to 5 stars. I complained about a feature and it was changed. I have a checking, savings, kids, and credit card accounts, along with an auto loan. This app makes puting money into my kids account quick and seamless, I make payments quickly, and I have two savings accounts for different purposes. I also get paid a day early with direct deposit.",5
I'm highly disappointed in this card. I'm over 40 with impeccable finances and the dumb computer system has decided to limit me to 500 credit line. I literally have to make payments once a week to use the card which is absolutely worthless. I was excited to use the cashback but it's just too much of a hassle. You get a one star for poor computer decision making.,1
filing a lawsuit today. I sold my car to mckinney dodge. they paid off 16k and owe me 37k. theyre saying capitol one wont send the title so I can get my money. I do not play these games about my money. ive tried contacting them on the app. I run a business I dont have time to sit on hold all day. at this point im bout to report my car stolen. do your job!!,1
"Capital One will always be a favorite of mine. The app is nicely designed, and it's simplistic to navigate to information you need. Their bank accounts are really good, and their credit cards are even better. But the biggest appreciation I can give to them is that their support was awesome, it's very rare that I experience good service from a bank.",5
Painful dispute process. Not a way to treat loyal customers who have to deal with a scam. 2026 Update: still difficult to reach customer service. My new card still didn't arrive and tap to pay doesn't work. I'm unable to use my Venture X card. They've also removed the guests entitlement for Priority Pass. Sticking with my Chase Sapphire Reserve.,1
"How is requiring a text to be sent to a SIM card that rarely works when I am traveling, helping me to keep my account secure?! If you are already using the biometrics 'from my phone' to get to the point where you want to send a text 'to my phone' what have you accomplished other than making it more difficult for 'me' to check a transaction??",1
"Never any live person to talk with to correct issues. The Ai is ridiculous! Lastly no way to request lower rates. now their creditwise keeps showing my credit bad when it is not. after posting this review they increased my interest rate. no longer using this card, and now I heard they bought Discover. won't be long before they ruin that too.",1
I'm giving Capitol One five stars for a few reasons. Number one is because they took a chance on my less then perfect credit score and issued me a card. Number two is that they also offer a free checking account. Number three is that they make online banking easy. I would have given five stars but I can't use a debit card to pay my bill.,4
"I've used a lot of other credit cards in the past. This one is probably the worst. You cannot make a payment when you want to make a payment. You can't pay off the balance at all and they'll charge you late fees. No matter what, I would not recommend Capital One credit card to anybody. What's in my wallet? I wish it wasn't capital one.",1
It's been good experience for the most part. When the auto mechanic across from Maggie's restaurant billed me for what was supposed to be a ac diagnostic without charge I contacted capital one and boom it was credited back to my card. The only thing annoying is the contast insisting that I go paperless but I like physical statements.,4
"There are constant issues booking flights. Additionally, they include a fake ""price increase"" when booking through the portal, which you then have to call & correct with price matching customer service within 24 hours of booking or they will overcharge you several hundred dollars. Overall, the portal sucks, but the card is great ",1
"it worked great until more recently when it kept saying I had to reset thumbprint login, then now have to manually log in every single time and the thumbprint just says error. I often use the app needing immediate information and all of this isn't helping. otherwise it is set up well and I used to really enjoy it",1
"told me my card shipped but never told me it was delivered to my po box, I finally decided to check after 8 days of waiting to find it in the box without the app updating the status to delivered. multiple errors when trying to activate my card deposited my check 5 days ago and i still can't spend the balance.",2
"capital 1 is horrible. if you go into a branch because you are having an app/banking issue, the teller tells you that you have to do all your banking thru the app. the tellers are only there to take cash, and cash checks. go to cadence/Huntington if you want great customer service. that's where I ended up",1
"My Discover card account was changed to Capital One a few months ago. I used to be able to fully manage my account from the Discover Card app, but the Capital One app won't even show my account. I've gone through the transfer process and made multiple troubleshooting attempts but it still doesn't work.",1
"I will never forget my very first card, the Platinum. Capital One was the only bank in the entire USA that approved me for an unsecured card when I was just starting out! They are fantastic and by far the best modern fully digital banking option. They truly respect and support their new customers.",5
"Excellent, Except that I tried using my Platinum card , instead of my Quick silver card. and they charged the Quick silver card. said there linked together. Yet I got a email or letter that said if I dont use the platinum card by a certain date. There going to close it. Will that hurt my Credit?",5
"Approved and the account was opened but never granted access because it was never ""verified"". No way to view account or make a payment. Never received anything in the mail. They closed my account because it was inactive. Well, I guess so! I never had access to it. I took my business elsewhere.",1
"first off, you changed the logo to discover everybody doesn't take discover. then I made a deposit and the ATM kept the money no receipt or anything and didn't register the amount u put in and they make you wait 30 - 90 day possibly to get your money back which is very unfair to the customer",2
I'm very upset with capital one they pulled my credit with out my knowledge 4 times without my okay so I called them Capital One and they told me they don't pull my credit I told them that's funny because I called my credit bureau and they told me and gave me a copy of it that is not cool.,1
"This finance app is horrible. Constantly changing auto-pay to minimum pay so that it can extract more money from me. And it constantly brings up this ""for your security"" page where I cannot get into my bank account even though I ace my password everytime. Horrible financial app. Horrible",1
im new to the Capitol One Family. So I can say that its refreshing to see a company that has a website and app that has its customes and common sense in mind. I havent thought of anything that i cant find to do in the app that i have to call customer service for. Great Job Capitol One!,5
"Terrible, this app looks and works like it's the year 2015. Just tried to change my email address and it was a nightmare and still could not complete the task on their website and now I have to make that dreaded phone call. What sense does it make to have technology that does not work!",1
"Not Good. I was approved for $300, but as soon as I started using it, the credit limit was reduced to $200. And I tried to give a payment and they wanted access to my bank account, then they released the other $100 but they didn't reduce the amount I owed even though I gave a payment.",3
"frustrating app, the intrusive ads make it almost unusable. if I want to shop with one of their partners I will. I don't need to be asked if I want to ""save money"", AKA spend more than I would have otherwise every single time I open the app. if it doesn't improve I'm switching banks.",2
"I wish every bank, or credit card app could be this intuitive and work this well. Love it! Edit: 5 months later, and still GREAT! Edit: 2 years plus and it's still the best banking app I've used, EVER! 3-4-22 Still the best! EDIT -2026 and this app is still far more superior.",5
The app no longer let me make a payment and i call customer service and they said to uninstall it and I did and it's still not working. The lady said nothing is wrong with the app but it doesn't work. I have been paying my bill with always on the app. The update is horrible ,1
"I enjoy having Capital One as My Bank. they have been My Back for a Lil over 2 years. I have not had one problem from them. They are friendly, They send their Cards to U by FedEx, they help Me not only adjust to My Bills, but also they give Me an ear shot of My Credit Score.",5
"difficult to use, cramped ui, nonstop ads for services I dont need, transferring my $ is randomly impossible depending on which accounts populate, ready to give up on ""banking"" where I can't actually do anything that I need a bank for. edit: the ui worsened since my review.",1
I don't like how you have to send a code after I put my password in. I also I am not a fan at all how we have to pay. all other cards I have have such an easy fast payment. This app does not fill in my info automatically like others or have my info saved for easy payment.,2
"Effective app with a usually smooth interface - within the last month, I started receiving duplicate transaction push notifications and would like someone to know to be able to fix the issue, but the only avenue I can find, beside a likely complicated call, is this one.",3
Make Capital One Bank app to readjust the newly available balance when money sent by someone during when already signed in in the app.Right now you have to logout or close the app and sign back in the Capital One Bank app to see newly added balance.Please fix this issue,4
"my savor card no longer shows the end of billing cycle date. which kinda sucks for me now, because I like to monitor my charges so that i could pay my bill down to zero before the end of billing cycle. i like to try to keep my credit utilization at zero every month.",2
I think that you should make it more obvious which account I am transferring to or from. I wanted to transfer from savings to checking and I ended up doing the opposite. My checking account was overdrawn the next day. It's good that I have overdraft protection.,2
"Consistently reliable functionality, easy to use and understand! Edit: Popups  do not  belong on a bank app  Reduced reliability and function because of ads. I just want to balance the checkbook, I shouldn't be spending that time clicking ""Close ad""!",2
"account verification problems , I cannot access the funds to my account and had to call off on my third day of work because of this bank. called 4 times with no solution, I don't have a Capital One bank nearby to verify my identity. wth Capital One",1
This App is useless. It will not stay open for any of the app functions... I am compelled to log in online EVERYTIME I need to use my Capital One card... if It doesn't stop soon I will SHUT DOWN my capital one card. A complete waste of my time...,1
The app is great but they won't increase my credit because my payment are too low. Sometimes I pay the minimum but that's what they ask for. If you want me to pay more ask for more it'll be paid. I'm very annoyed with this company at this point,3
"Just started with them with banking. App started off good than just tonight, it literally makes me verify my identity evertime I log in now. so annoying. if it stays like this til the morning. Will be canceling my account and staying with PNC.",3
"It is a wonderful application, it gives the chance to do all my financial needs such as payments, check my credit card balances, money movements from one account to the other etc. I am very glad to have this great financial tool in my hand.",5
"been really good about staying on top of my payments, and the credit updated have been very good, and I have been loving how my credit has been going up, very good service when it comes to calling about problems, and or card shipments.",5
all this damn app does is keep crashing then when you do get logged on to pay your bill it crashes right in the middle of it it's like you have to fight to pay your bill constantly for the past 6 months or even longer poor poor poor,1
"I used to love this app. So easy to use. It is now unavailable on my phone. I cannot get it to update. I'm disappointed. I have a galaxy note 9. It's an older phone, but it still works, so I won't be getting a new one any time soon.",1
"App login never works properly (biometric). Landing page and access to account detail is multi-step & unnecessarily unconventional. Unimpressive all around vs other financial companies, and this is supposed to be more online based?",2
"Capitalone stopped allowing customers to use their debit card because according to the manager I spoke to ""it is more secure to use your bank account and routing number"" yeah duh ok cap one. it's all about inconvenience. Great Job!",1
"i am so tired of this app not working. i can't make payments,i can't see my account or do anything else, you need to provide another way to make payments because this is obviously not put together well enough to do what it needs to",1
"Comparing to BoA app, CapOne is lacking. Transactions don't show up immediately in the balance, especially on Friday's where you have to wait till Monday. Also, unlike the BoA app, Zelle doesn't allow for recurring payments.",3
"The app is fine, except for the major fact that it has ads in it!! i've never seen a credit card or banking app that had ads in it. is frustrating when i'm trying to make a payment or do something?And I can't close the ad.",3
"""Fingerprint Updated"" is what it says often. No, I didn't! Now I have to find my crazy PW just to use the app again. My phone doesn't take updates anymore, so it's the app that keeps breaking my biometrics. So annoying!",2
"Disgusted with this app. it keeps ""locking me out of my account"" even though my password and sign on are right and I have no issues when trying to just go through the website. it's completely unusable and waste of time.",1
"These people are money hungry. i set up auto pay for one day before the due date because I am very forgetful. And, they wait until 12 am the next day to process the money out of my bank so they can get the interest fee.",2
"Capital One is the best when it comes to helping you understand your credit, providing easy to use tips as well as an in-depth look in order to get your credit points headed in the right direction Thank You Capital One",5
"Lately, it has become impossible to deposit checks online. Since there are no bank branches nearby, I have to mail the checks in to make a deposit by mail. This takes time, and I have to pay for tracked shipping.",3
"easy to navigate, plus I love capital one, so its a win-win! they also show your offers, extra services that are personalized for you, balance, payment options, and your benefits, plus more all in one place.",5
"Irritating, always trying to get you to join Capital One shopping and if you accidentally touch it when it pops up closes the bank app and you have to long in again with MFA, just an annoying waste of time.",2
the app is very easy to navigate and shows all information from current credit available to a list of all purchases made. I receive a notification every time a purchase is made which gives me peace of mind.,5
total confusion to do not know how to do most things you want me to do right now I do not need something like that sitting around and waiting for somebody to latch on to that has done been done in the past,1
"it let me know that my email was noticed on the dark web, I really appreciate it and wouldn't have known if I hadn't gotten this app as well as the whole app is greatly streamlined and easy to understand",5
"doesn't accurately reflect any information, personal or otherwise. Customer service will hang up on you three times if you call. they won't admit their mistake and will blame you. Get out while you can!",1
while using Capital One app it's better helping me to understand my credit and what I need to do to begin preparing and if someone try using my credit without my knowledge it would alert me immediately.,5
"It's not a bank, though FDIC insured, it's an app for financial services. And they are well spoken in the art of credit management Several times, Capital One has helped me understand my credit history.",5
"customer service sucks, long waits and they can't do anything, talked to 2 people to replace my debit card and then they sent it to the wrong address. now on hold again. Their chatbot is useless too.",2
Fast and easy to use. Beats standing in line. That is for sure. It desperately needs to adopt dark mode for vision impaired people. The glaring white background has me wanting to cast it to the dogs.,3
"The app works well and does what it's supposed to. I've never had it glitch, lock me out, or anything annoying. It does take several days to transfer from other banks, but I'm guessing that's normal",5
"Congratulations! Due to your excellent credit status, you qualify for our blah blah blah credit card. at only 28.99% for every and any transaction. I can skip that. let's just stick to the banking.",3
"Cash transactions are not not drive through as ATM, have to park and go in and wait for cashiers. Good that checks deposit can handled with mobil application. Transferring is easy and convenience.",3
I have always had an excellent experience using the Capital One Mobile App. If I've ever had to contact Capital One directly my questions were always handled graciously by experienced individuals.,5
"Just started using their banking, but had credit cards with them. Love that all my accts are together on the same app, easy to see balances and other info. Used PayPal before, absolutely horrible!",5
you should be able to lock and unlock the card with one click. hunting to lock/unlock card is poor design. I had to used Google and Google's direction involved asking the app for help. What???,1
"the app is good but every time I use it, capital one hounds me about some adding services or coupons which I don't want. the aggressive pushing of new services is extremely annoying.",3
"No longer able to use Capital One Mobile app. Was very easily accessible before but after some updates, I was not able to use the app anymore. Hope there is a new app in the future.",1
The best credit card I have used so far and am not sugar coating. I have like 8 credit cards but my best experience of them all is with my capital one credit card. awesome job guys.,5
I love the app it is really nice to see my credit report and how it is influenced. I also like being able to pay quickly and see the results right away. over all it is a great app.,5
This app has been very useful in notifications of activities of credit under my name. It prevented identity theft as well as an opening of an account that I had not applied for.,5
I have been using this app for years. And has always been a pleasure to use. but recently I can't make a payment through this app I don't know what is going on with this app.,3
"Thanking Capital One for being my online banking, very easy and navigating online gives me positive feeling knowing my funds are protected safe and reliable awesome feeling .",5
"Horrible app, always says oops we've hit a snag. I can't do anything, and there's no live chat. I don't want to always have to call these people to take care of my business.",1
"Starting to regret getting this card and app. Nothing works, and now stupid pop-ups are preventing me from doing anything on the internet browser on my phone. So irritating.",2
Great easy to use for old people like me. Customer service makes sure the problem is solved before the call is ended. You get to talk with real reps. No AI generated fluff.,5
want to make a bank account? np... want to use your phone as a text receiver for it? bahaha....I copy paste my cell number from the the app has & it still thinks it's wrong,2
keep having feature issues. Won't bring up my discover card information that moved to Capital One. Makes it hard to make my payments when it won't bring up my information.,1
"The Capital One mobile app is great, I love how everything is laid out, it's easy to navigate, and it is very appealing to the eyes. it's always a pleasure using this app.",5
good but also wild that they haven't implemented flag_secure so the app contents don't show up in the recent app view. literally every other banking/financial app has it.,3
"HORRIBLE, IM TRYING TO LINK SAMSUNG PAY AND IT KEEPS SAYING WE HIT A SNAG CAPITAL ONE YOU RUINED MY DAY I HATE YOU GUYS MAKE SUCH A SIMPLE THING HARD I TRIED EVERYTHING",1
a whole lot of clutter makes it hard to navigate sometimes. lowered my rating from 3 stars to 1 because the number of adds I have to put up with has gotten ridiculous.,1
"Capital One Mobile app is very awesome, I can lock or unlock my card on my phone at anytime. I give five stars very friendly customers services, big much Mahalo Kham.",5
"it is sloppy and vague. the account balances don't add up and the so called security must be run by monkeys. it is horrible, traumatic, unbelievable. at your own risk",1
they closed my tmobile credit card account without an explanation then gave me a fake email adress to email whichever department was in charge of closing my account.,1
App AI chat bot experience is god awful and getting any useful information on the app is pointless and makes you go over to the web version to do everything anyways,1
my favorite part about this app is the detailed info given to me about how much is available vs how much is there. CRUCIAL information that helps me not overdraft!!,5
This is the best way to manage all my cards. I now have 3 Capitol One cards. This is the best way to make sure that they're all paid on time so I have no penalties.,5
"I've always enjoyed using this app.It seems to be the one and only financial institution.It has a very simple, an understandable baseline.I enjoy it thank you guys",5
very good experience have recommended you and your app to others..I don't give 5 stars to anybody very few deserve it..I'd give you 4.5 if there was such a rating.,4
"They always watch out for you to let you know if any i'm authorized.Transaction is going on, thank you.So much for watching over me at my card.What we plant to be",5
so far it seems to be a really good app that helps me maintain my money and also helps me see my credit score. I really like it. I plan on continuing to use it.,5
"Fairly Straightforward and clean app that gives you access and control to all of your accounts, only issue is setting up, but that might have been my fault.",4
I can't login the past two days. Prior: Balance does not immediately update when transferring between accounts. It's stuck loading. Now can't do mobile pay,1
terrible. I cant deposit checks via the app since some weird update that requires you to align the check with its parameters that don't work. change this!,1
you should account info for card from 10 yes ago that is deactivated on the main screen but for my active account I have to open up tabs to see my balance,3
"I Loved this app, until I went in the negative because it took them so long to post one of my credit card payments, which I thought already went through.",1
I'm thankful for your approval I only have Capitol One for my credit cards it's safe and there when I need anything Thank You Sincerely Kathleen Lafleche,5
"everything works and is timely and accurate. adapting myself to an online platform is a learning curve for me, easy to use but complex in online format",4
"I wouldn't recommend this company to anyone. They have insane fees, and the rewards aren't worth the fees. I would find another company to bank with...",1
I've had a pretty good experience dealing with this app. it's easy and understandable.. which is helpful because I'm not very good on computer apps.,5
maybe it's the way it's set up but I don't like that I have to constantly use second Factor authorization after I use biometrics to log into the app,2
"TERRIBLE BANK, THIS BANK HAS PHONE AGENTS FROM OUT OF THE COUNTRY AS A RESULT OF THAT YOU WILL ENCOUNTER MINOR A HUGE PROBLEMS AND DELAYS CONSTANTLY",1
"I've had a few online bank accounts, this capital one mobile bank is the best easy to navigate and it's fun, inspires me to manage my money better.",5
"The app is well-organized and super easy to use. All my Capital One cards are on the home page, and paying them is as simple as a couple of clicks.",5
"cant take a screenshot? not useful, no help, switching banks... useless. not to mention the debit card never works and no vpn support. what a sham",1
I like this App. They help me keep on top my scores. and friendly people to talk to. Have never had an issue with this App. Thank you Capital One.,5
how come you have to log out to see your balance if you have made a purchase? there is no refresh to update your balance its such a waste of time,2
it don't remember my sign when I put remember me and it only works when you sign up on wifi it will only sign in on that only wifi you sign with.,2
"so far I am definitely enjoying the capital one mobile app, their credit card offers are great and easy to maneuver.. building my credit..fast!!",5
"You never put my social security check in on time on the 14th it's always late. I've been with Capital One for over 20 years, you can do better.",1
I have not had any problems whatsoever and believe I made a very good decision getting this checking account and the credit account as well.,5
now I got approved for $300 but they said the card would be here yesterday and I haven't seen it today either can't seem to login on the app,3
fraud protection IS A Absolute LIEmmy a count has been destroyed thanks to your horrible customer service thea usethat is allowed is foul,1
An online bank that was accepted by my student account and saved me precious time and\nWas quick easy with the user friendly application,5
"It's okay to have it, but when you have a problem, you call about it, you end up with somebody. That does not live in the United States.",3
I have been totally amazed at the use of a virtual card. Use it once and toss it for security purposes and get a new one. RIGHT ON!!!!!,5
its hard to approve transferring money into this account it probably would be great for direct deposit but not moving your money around,3
Absolutely a pletherife of information truly impressed. These cards has truly become my life source and saved me when times were hard.,5
this gets a five star. My credit score has went up 100 points. I would recommend this to people who are trying to raise there score.,5
great app but apparently a new bug I can't sign in with fingerprint any more they claim to be fixing it it it's been a month so,4
"I've been on My Capital One for 4 years and I've managed to build my credit scores, and my own money. thank you Capital One ",5
"App sign-in is faulty. My password NEVER works, even though it is 100% correct. Also, the sign-in ""save"" does not work--ever.",3
"I've never had any issues, they're a great company but their credit cards have a very high APR. 100/10 would not recommend.",5
Capital one so far has been a great experience for me from a finanical standpoint to its great customer service it gives.,5
constant crashing. I've trouble shooted just about everything I could an in the end I just pay for everything via website,1
"Easy to use, if need to get intouch with customer service they are always available. this card and app is the best ever ",5
I don't understand why I have to keep requesting a security code when I sign in with my fingerprint. A bit frustrating.,3
Keeps track of all my accounts with amazing overviews from a secure brand I now trust with most of my financial needs.,5
app glitches and takes your money with out posting to your account then the customer service team doesnt want to help,1
can't get into my app. States it wants a phone number. then states the number won't work. does not give other options,1
evertime I try to make a payment it's returned so I call them and they refuse to let me make a payment over the phone,1
This application offers intuitive navigation and streamlined account management capabilities. I enjoy using the app.,5
Very dependable and easy to navigate. Deposits and transfers are a breeze. Better than other banking apps I've used.,5
zero stars. they've decided to make my debit card un usable. now I cant use the money on my account and I need that.,1
simple is better. most functions are very intuitive and plain to figure out on the app. continue to keep it simple.,5
I've edited this post 5 times now. I'll take the digital wallet with PayNearMe over CheckFreePay for my auto loan.,5
"easy to manage and navigate. Everything is on main page, with many topics and offers. excellent fraud protection.",5
"makes things easier ! But,what i don't like is that you can have 2 accounts but 1 card ! they need to change that",5
one of my favorite functions is the eno help. not only does it send security prompts it handles payments quickly.,5
"this is working for me. after years of struggling, I am finally getting it done. this keeps me accountable. /////",5
"It's very convenient. I deposit checks, research spending, pay my credit cards, and see offers and credit score.",5
looping me around and around. Can't get on my account. card has not arrived. won't let me get a message through.,1
"since the most recent update, I can't log into my account from the app! not happy! FIX IT SO I CAN PAY MY BILL!",1
two factor verification can be a pain. Too many ads when I am trying to get to work. otherwise the app is good.,4
Easy to use and well laid out. One suggestion would be to suppress the offers that were once already declined.,5
"I love this application. seems to be always available, clear information in a well organized (logical) format.",5
pretty solid. wish there was a way to see exactly how much interest one owes (perhaps i just haven't found it),4
"It says my phone, is not compatible with this app .why? I have other bank apps on my phone and it works well.",3
easy-to-use platform. I made multiple savings accounts within a few minutes. decent HYSA rates as of 5/2026.,4
I'm trusting that you did not combine my Kohl's account with my Capital One account there should be separate,1
I've been so happy with my services from capital one I just wish with a higher credit rate the apr wasnt 29%,5
one of the most easy apps to use. user friendly was to follow instructions to help you manage your account..,5
"Very helpful. However, will disappear if balance is not paid in full. Sometimes, a little scary to use card.",5
"Amazing online credit and checking account platform. Customer service is top-notch. well done, Cspital One.",5
"can't add to Samsung wallet through the app, have to manually enter physical card number and hope it works.",3
Great app! I am glad how it keeps me on track with my finances and very easy to use as well amazing work..,4
I like the way I can check my balance anytime I want. Makes it real convenient when on the go! Easy peazy!,5
Does not notify you of changes to a credit card charge! Tip went from $10 to $20. Why won't you fix this?,3
"they don't care about fraud, or dispute charges they will always be on fraudsters side, DO NOT SIGN UP FOR A CARD!!!!!!!!! I sent them proof nonetheless and they still did not care they only cared about the business so I highly suggest you cancel these credit cards. they will not protect the customer in any way shape and form. can you believe it I had actual evidence that these people scammed me out of money and they did not care. and if you do have them I highly suggest stop charging on the car",1
"Fast -n- Easy! This is a nice app, it installs quickly, it opens fast and easily. Citi Mobile App offers much more of what you've come to expect and then some. Go login to your account and experience the Citi App at its finest. I am experiencing the difference in online banking with more features. Citi app just keep on getting better. I approve of this app and the rating. Excellent! myCiti app it always works for me with features like Thank you Points & now Paze, what' s next? uGo Citi Hugs",5
"I came to rely on the app for daily monitoring of my credit card, but up until a couple of days ago the app is refusing to even open. I've uninstalled and reinstalled several times with no luck. I was just viewing the reviews and see I'm not the only one having this issue. Citibank please fix the app ASAP. Update May 2026: Whatever the issue they were having has been resolved and I can now easily teach my credit card spending as before. I love the snapshot feature for quick balance checks.",5
"I have a new card that I want to register on my app. I try to change my password so I can do this, and it requires the card number. But, since the card number is not registered with my online account, I cannot reset my password. I called support. They walked me through this same sequence and said, ""Oh, you'll need to reset your password"". That is the issue that I just told you I am experiencing!?! No help at all! I had to hang up before I acted angrily toward the agent. it's not his fault.",1
"This was my first experience with the Citi App but, as a senior who doesn't appreciate all things online, I can say that the Citi App seems easily manageable. Thus far, I am impressed with their fraud protection process, and customer service, as well. I do not like most of the automated AI processes but I discovered that if I just hold on the line, a living, breathing human will graciously assist with whatever need arises. I'll check back in on doing another review update a few months out.",4
"very mediocre app. Does not support instant notifications for any deposits or withdrawals from your Checking account. This is a most basic security feature which leaves your Checking and savings account vulnerable for fraud. I get a text one day later on such occurances, this is a terrible user experience and makes Citi fall behind all its competitors. spend hours to find a better setting and Citi confirmed they don't do this to me. Pathetic !",1
"Dealing with Citibank has been unbelievably frustrating. They continue to insist that my bank is holding the funds, even after my bank confirmed — while I was standing there — that the funds were released over a week ago. At this point, it feels less like a payment issue and more like no one at Citi is actually listening. I’ve never had this much trouble trying to pay a company money, which is honestly impressive for all the wrong reasons.",1
"I like the app, it's easy to use and when I'm looking for ""any question"" it takes me to it, I don't have to go from page to page and back. Thank you for saving me time and guessing which direction I need to go to find the answers that I need. I can relax when using the app and get back to my life. Thank you Still a great app to use 2026, I resolve issues quickly ",5
Excellent service and security. Flex loan rates the most manageable I have seen yet. Citi Mobile is easy to navigate and soon I will be moving to Virginia. The app will make it easy to use my card from anywhere. Hopefully i can get a Flex Loan or balance transfer to get out from under a PayDay Loan scam charging 470% interest.,5
I like that im able to use the app for investing as well. Its not my primary investing app but its fun to watch it grow when paying my card balances. (update) Now that I've grown as an investor I see that there are trades I cant make on robinhood that I can here and I like that versatility and foreign scalability.,5
Exceptional App. Easy to log on and check every detail. We can open it anywhere at anytime. I can also keep track of my credit score and make sure I stay in my budget. We also enjoy earning benefits and points The app also keeps track of that. Very user-friendly. Great job,5
"I recently lost my wallet and was devastated! it was PAYDAY and I only had a paper copy of my Birth Certificate! Between my Teller and the Manager, I left the Bank that day with a ""temporary debit card and some "" Benjis"" in my wallet. what a great team!! Thank you",5
"Easy to use, fast, and reliable. They have this new option that when you message with an issue, it keeps you connected with the same rep even if you stop using the phone/app for a while. It was really helpful when I had to do several things at once.",5
"Love my Citibank Costco Visa card! Still loving it. I never worry when I dispute a charge, they always take care of it!! I still love this card!!! it's so nice to have confidence in a company that always gives me great customer care.",5
"the app is useful for checking my credit card use, etc. I needed to dispute a charge and went through all the questions just to be met at the end with ""you need to call"". It would have been easier if it just said that up front.",4
This app works as intended and is relevant to everything I need when looking at my account. I'm very happy I can get my rewards credited into my account and see my credit score from the app. It's very useful to me and my wife.,5
"the app is fine the customer service sucks! I recommend recording your conversations, get the name of who you're talking to, and ask and confirm all their answers. they do not take accountability for their employees mistakes",2
"stupid thing wont let me login with the same credentials as the web on the same device, locks my account then wants me to call. I miss Barclays already. I never had any issues. On Citi, imediate buttache just registering.",1
"The app works well and is convenient to use even in comparison to what is offered by competitors. The one time I had an issue with pop ups blocking certain elements in the app, the developers were quick to remedy it.",5
"I love the Citi Mobile app. It is a great way for me to get an instant snapshot of what I owe on my accounts. Making payments is easy. Definitely recommend giving it a try. 3 years later, and I still love it!",5
"Love this app! Sign in is easy, managing the account, tracking spend, etc. Just what's needed in these times of life on the go! Bonus that my credit score is available! Citi makes managing my finances easy!",5
Card went missing the day prior to today and I could cancel and get a new credit card number immediately . verified there were no unusual charges on it . new card can be to me in 1 to 2 days . that's great,5
it's a really awesome experience after working hard for an employer then feeling the satisfaction of using your own product with pride. Thank you for maintaining the quantity & satisfaction. Keep it up !!!,5
"You see i'm really old. Whoever designed your app designed it in such a way where I can log on, link my bank with your company, and pay my bill. to meThis is a user friendly app, and i'm grateful for it.",5
"The interface is very user-friendly and easy to navigate, and being able to use the biometrics fingerprint scan to log in is superb. Good app so far. Well worth the 5 stars from my experience. Love it!!",5
"This app is the most important piece of equipment I have. I don't have to worry about not having enough money in my account, or about not knowing if my account have been hacked. This is a great app!!!!",5
"very easy to understand. very easy to do transfers, loans, flex payments adjustments and regular payments. I have my citi cards in one place and its easy to keep track of the payments and expenses",5
"It's a good app, but it's confusing when it says current balance and that's not the current balance. It's only the current balance of that month. Clear that up and I would give it a higher score.",3
Citi mo le app has everything you need from making a trip inside the Bank Even when visiting the Citi Bank Customer service help you there so nice in make sure your walking out there Bank Happy.,5
excellent card I was surprised citi would approve me for this card. but I can tell you it's been an amazing experience citi is by far the best card to apply for and this app is truly amazing,5
"First time to use, but it is easy to use and it uses my finger print to login, making it fairly safe. I also set it up to get texts for certain transactions which was pretty straightforward.",5
My favorite thing about this app is that when you make a payment on your credit card the balance immediately changes which is awesome and helps remind me that I did in fact make my payment.,5
Trying to switch my account over from AA Barclay's and keep getting error messages when trying to set user id and password. it says they meet criteria but I can't move past that window.,1
"no more support for the app on Android 9 why? i can't use the app anymore, no longer compatible with Android 9 and can't update the app any further because no further update was given.",2
"I have never experienced this much trouble setting up a credit card. Too many questions. Too many sign-ons required. Still looks like I can't sign on as "" information doesn't match"".",1
Great app. It is very easy to use. I have more than 1 type of citi card. I travel and just tell the app when I traveling to help prevent fraud. Cash back redemption is nice as well.,5
I can't access my account. It's asking for a debit card number that I don't have to be able to verify my account. Why can't I just have them send me a verification code to my phone?,1
I only have it for the government travel card worst card delivery website dosnt recognize when password are reset and than changes in will never use citibank for civilian use.,1
"customer service is a nightmare, no one knows anything of what's going on. but they all ask they same card info and password questions. totally the fault of the corporation.",1
"Everything that you need is very self-explanatory.It's all right in front of you , very easy to understand easy to navigate the website , even for me , that's saying a lot",5
"good experience at first ... had checking, savings, investment and credit card accounts with Citi Bank .... as my accounts aged .... My business became less appreciated",1
"Card hijacked during shipping to me. 15 ""employees"" allowed to be added to my account by hackers. Citi unwilling/able to delete fake ""employees"" from subsequent cards.",1
"It works well enough, that the interface is a bit cluttered with ads for their products. do I really need to see an ad for their CDs every time I look at it for years?",4
Obviously it's the back i use... This mobile banking app is superb and ready to navigate and that's held alot. smooth & steady .. keep it up!! once again Great app,5
trying to pay my card in full & have been waiting on a verification code for about 15 minutes - I can't continue until you send me the verification code.,1
"I really like it; the user has total control over every transaction within the app. I’ve compared it with other apps I use, and it’s the best I’ve seen.",5
Good to see what's going on and that balances are updated immediately after making a transaction. Continues to be a great app. Keep up the good work.,5
"Great connections. Several options within app. I've been using it for almost 4 years. It is convenient, easy, and I don't have any complaints so far.",5
"Works seamlessly but sometimes I cant access one of my accounts, but this is rare. If there was an option of 4.5stars I would have chosen that score",5
I love how this app works for me in my busy schedule. it stays on top of things. it sends me alerts of when to pay when the statement closes.,5
"Like the 6 number log on! but now it doesn't work. Today, log in suddenly wouldn't work. So I had to change it. Oh well otherwise I like it.",5
East to use. Wish it would provide spending amount activity to indicate balance required to achieve $125 AA credit for you annual activity,5
"works great except when I type my password in, the whole app closes, and I have to start over a few times before it finally lets me log in",4
"We have had a horrible time setting up autopay. This phone app, as of today, does seem to work well. But the autopay is still unresolved.",3
"easy to use and navigate, the only down side is that if you have multiple accounts with them you have to long in separately to each one.",4
"Easy to use, responsive. Security was great when I made an odd transaction and I appreciated the precautionary call to verify it was me.",5
"Keeps me aware of charges on a daily basis. Easy to make payments. My go to, unless higher return offered. ""still my go to"". still.",5
"Fantastic App Based finance and credit card monitoring and payment processing. Clear, easy to use and clean to the eye. I love it",5
"For months, I got an error when I tried logging in. I ended up uninstalling the app, reinstalling it and it finally worked again.",3
simple layout. info readily visible. able to pop in and quickly review transactions and make payments. ... it operates as needed.,4
"Simply, it works. Every time. Without bugs. In a world of cruddy buggy apps that you can't depend on, this is refreshing. BRAVO!",5
it is very convenient and easy to check balances and make payments! and look into getting a higher credit balance and lower APR,5
The font size in the app is extremely small and does not conform to device settings. I can't see it and so it's not functional.,1
"the setup of app,best I've seen, very easy to see all info in easy format, easy to pay also can immediate see payment applied",5
It's pretty easy to use. I like that it shows me my new balance and what I have available right away after making a payment.,5
Easy to use. Easy to pay online. Getting notifications from the app is a plus. Up to date and in the palm of your hand. ,5
quick convenient easy to make card payments a lot of other information included credit score spending habits so on so on,5
"most user friendly app I have. I also love that when I make a payment, I visibly see the total I owe go down instantly.",5
Nice and conviniente. Great. I made all my transactions from the comfort of my home. Love it. Thank you.,5
"Great and efficient app. Highly recommend it because it's reliable, quick and so easy to use. Try it and you'll see.",5
Great way to keep tabs on balances and there are also a lot of services available in the app. It's very easy to use.,5
"I have long history with Citibank and they have been applicable from the telephone, my email and now my mobile act!!",5
"literally can't log in on the app, always says it's experiencing technical difficulties. website barely works either",1
Love the app for credit card management. I would like the sign off easier to find. May just be its a new app to me.,5
Very easy to use and everything is in one place. Even easier to make your monthly payment one click and it's done.,5
you were able to detect a fraudulent charge on my account and declined it. Thank you. I appreciate it very much.,5
Really clear and concise. Everything available from a bank you can do from this app. One of the best I've seen.,5
Very convenient to do almost all of my banking through the app. Very easy to navigate. Useful tool on my phone.,5
seamless and easy.however i would like to see an option to put deposit and withdrawel alert amounts on the app,5
Great way to get information quick and easy. Easy to understand and navigate the app. Still great Citi Mobile,5
Very easy to use I love this app. I like it when my balance updates instantly the moment I make a payment,5
"Great app, everything AT YOUR FINGERTIPS, no messing with tab after tab to find features efficient system.",5
"Two years later, same great service. Now it's been three years , and they've been excellent in all aspects",5
Seems technical issues I've previously experienced have been resolved. App work perfectly smooth now.,5
"User friendly app, without bugs or glitches. Log on, do what needs done, and log out. Simple as can be.",5
"Very convenient, all the tools are there and work great, points transfer with a good choice of partners",5
very straightforward for settling one card. more problematic consolidating more than one Citi account.,4
"Great App. Easy to use,not complicated as some apps are This from a 79 yo great grand mom ! Terri. M",5
"Intuitive, easy to use, no glitches, and good security. this is everything I want in an application.",5
"always exceptional, so grateful for your services, very easy safe and friendly to use and manage ",5
Very easy app. to use compared to my other ones. They make it very easy ..never had any problems.,5
"Very user friendly, I can access and complete business quicker than it took to write this review.",5
A wealth of information at my fingertips. A secure and safe way to monitor my credit card use.,5
"Always easy & efficient to use this Citi Mobile APP; clear, easy flow between features / tabs.",5
"I feel safe and secure using this app, it has been very easy to understand how to use as well.",5
Excellent App with needed credit notifications. I highly recommend this Costco/Citi card app.,5
"forced updates are unacceptable Edit: Did it again - a forced update, can't even use the app!",1
I love that everything is easy to find and maneuver. Payments update your balance super fast.,5
Very easy and convenient to use once familiar with features. Can even apply for loans on app!,5
"App works well. some pages are crammed with options to click on, it sometimes gets confusing",4
Bank app that works and you can do everything in 1 spot. been with citi for ever. love it!!!,5
"works quickly, and without errors, good ui that is easily navigable, 5 stars would reccomend",5
"Convenient, everything I need on my phone. An important feature is the alert notifications.",5
Easy to use. Dashboard is intuitive and most functions can be completed right from the app.,5
"it is one of the better banking apps... I have used, and one of the most secure. Thank you",5
just started using the mobile app and it looks very good so far. Simple and user-friendly.,5
9 years never an issue with this app. They also include FICO score which is a great idea.,5
"Easy to see my spending with a breakdown of travel, fuel, groceries, etc. Very convenient",5
Mobile app works great. Have used it for years. No problems. Customer service is the best,5
"Wonderful, easy to use app that helps us keep track of our balances, bills due, and more.",5
I just switched over from Barclays and like the app so far. Appears easy to use & secure,5
"So easy to navigate, it puts other cards app to shame. Like their way of doing business.",5
The app has become more user friendly. I like how I can see my FICO score in real time.,4
this app keeps me up to date on my credit spending and it allows for very easy payment.,5
"Great app, one of the easiest and most convenient to use. Payments show up right away.",5
Outstanding accessibility. Everything needed right there in the app. Very impressive.,5
Easy-to-use. However does not allow to do certain things like making a full payment.,4
I enjoy using this app because it's not complicated to maneuver for an older person!,5
"Logs you out when changing screens back and forth, while checking budget sheets, eg.",4
very easy to navigate and I like it when I pay my bill that it shows it right away..,5
this app helps me keep track of my account balance and my credit score and history.,5
"Typical Bank morons. Slow, Merchant offers often don't work. Errors. Incompetence",1
"Very easy to use. Clean, logical interface. A really good upgrade from prior app.",5
I been using this app since 2021 and is been very helpful i totally recommend it,5
"it has always ran perfectly, no issues and I enjoy having my accounts all linked",5
the option should have us log in n then update. how do we know this isnt a scam.,2
"Easy to use, easy to pay your bill. Even more, easy to check your credit score.",5
I had no trouble getting to what I was looking for and that makes me feel good.,5
"Previous issues with sign on screen have been addressed, works much better now.",5
"Awesome!! Easy used.! Clear, perfect convenient, and fastest, so far, so great",5
It is convenient and seems to be easier to use than my earlier trials with it.,5
Just what I wanted in a card. So far so good  and still 5 stars a year later.,5
"well organized, easy to use, especially the self managed travel notifications.",5
It's easy to use once you learn to understand different components in the app,4
They are a great company and got great people working for couldn't be happier,5
"Application is very easy to use, and gives you all the information you need.",4
"Citi app is One of the best apps that I have used, easy, fast and reliable.",5
"reliable, no crashing. easy to use. I'm able to access information quickly.",5
"Easy to use, keeps your credit usage at your finger tips. I love this app!",5
"The app is very easy to use, and I can easily find the information I need.",5
very user friendly and handy to check your account at anytime and anywhere,5
"Easy to use, straight forward, self explanatory, plus really good offers.",5
"Easy to use, very clear and easy to understand information on the screen.",5
generally good app to keep track of spending as well monitoring for fraud,4
The app. is great. I love getting all my transactions posted in my email.,5
"Convenient, user friendly, and secure app. Ideal for monitoring charges.",5
Easy to see transaction and subsequently manage my account with the App.,5
"great app, surprisingly simple, it's gotten even better since the update",5
"It the bank in your hands, easy-to-use and excellent tool in your hands.",5
It's so easy to use. Everything at your finger tips. Very user friendly.,5
Simple to use and easy to understand. Being senior I so appreciate that.,5
"the app has common sence in it, easy to navigate. Still like it May 2026",5
The easiest most concise way to take care of most of your banking needs.,5
works perfectly better than the others lol I won't mention thanks citi,5
Fast and easy app to use. Love that it credits your payment right away.,5
I love my Citi App Very user friendly Easy Access-- Very suited for me!,5
"it's been a very professional an stress free experience, thank you Citi",5
"Out of all the credit cards I have, this is the most user friendly app.",5
so far so good. no issues at all. does everything it is supposed to do.,5
Keeping me updated on all purchases with all the information is great.,5
No issues with the app. I'm able to make necessary transactions easily,4
one of the best bank apps I have used it is easy to navigate through ,5
"simple to use, great with posting payments . overall, it's a good app.",5
The way they show remaining balance always feels extremely misleading.,2
I DON'T LIKE THE FACT THAT I HAVE TO UPDATE THE APP EVERY 3 MONTHS!!!,4
"clear information, easy to use. better than most cc apps I have used",5
unable to see my FICO Score as stated I could do. not user friendly.,4
very pleased with the app ad services I receive. satisfied customer.,5
The Citi card offers the best cash back programs you will ever find,5
"Easily accessible for tracking spending, scheduling payments, etc.",5
Easy to log in to. I like to use it to verify purchases on the go.,5
"Es una excelente aplicación, funciona muy bien y es fácil de usar.",5
Good perks on my card. Use it for everyday items to get discounts.,5
takes getting used to with how the app runs and manuvering around.,4
This is an excellent app. It's easy to navigate and well laid out.,5
"very easy to read, easy to understand format structure. love it ..",5
Can't even get on. Says the info is not correct but it is cottect,1
Very easy to use. easy to find what you need and to pay your bill,5
Great App Citibank is the best I would recommend it for everyone,5
this app is easy to use and its also nice in a lot of good ways.,5
this app makes keeping up with your financial account very easy.,5
citi card my first credit card.Even before my bank wells fargo.,5
Easy to set up and use. I can see payments and balances plainly,5
Easy to use and using the biometrics helps to keep hackers out.,5
easy to use especially when there is more than one credit card.,5
everything i need is on the front page... even my credit score.,5
I check all I need to know the first time I sign in. I love it.,5
I have gotten a nice cash reward for using the card every year!,5
I haven't used it often but it's a nice to have when I need it.,4
"The app is very easy to navigate l, makes Online banking great!",5
All good. Helped discover fraudulent charges in timely manner.,5
"Citi helps my family and Myself on a daily basis, thank you ",5
"Easy to use, can take care of everything I need using the app.",5
"Easy to use, secured and transactions are updated immediately!",5
Great app. let's meet do all my banking online. very efficient,5
"I enjoy using this app, it is very useful and very convenient.",5
I like it because it's very easy to use. I still love the app.,5
very good...sometimes have a difficult time checking balances.,4
5 star i love the app and citi it a great bank really helpful,5
"Easy, problem free to navigate, find any need it information.",5
"I am writing to express my extreme dissatisfaction with the user interface. Specifically, the lack of a ""running balance"" or ledger view for my credit card transactions is unacceptable.While other institutions, such as Bank of America, provide a real-time update of the total balance after every single transaction, Chase only displays the charge amount.This lack of transparency makes it unnecessarily difficult to verify the accuracy of my balance.The current layout feels intentionally obfuscated.",2
I have in a very happy customer of Chase bank for quite a while. the branches are always well managed. the a t m's are always in great shape. and the bank security is outstanding. Two weeks ago I got a text message that someone was trying to make an unusual charge on my account and they questioned if it was me. i responded that it was not me. And they told me they were going to cancel the debit card and reussue me another one and send it to me in the mail. In just four days I had the replacement,5
horrible I might be going to the news either channel 8 or fox News about this bank I have a SSI check that was released to chase but I can't pull it out of the bank. it has already cleared in the account it's a huge offense to do commit on a for sure money cleared in the bank the bank person couldn't give me anything and the support they couldn't answer my question on why I couldn't pull money out even though it cleared in the account it's a government SSI check that was auto transfer shouldn't,1
"I just got an email saying my card is on the way but I can add it to my digital wallet and use it right away for purchases (including booking a trip!). THIS IS A LIE! I tried to book a flight, hotel, and car rental from Chase's own travel portal, and it couldn't see the card that was allegedly added to my digital wallet. In fact, the Chase Travel website requires you to type in your 16-digit card number (you know, the one I don't have yet because my physical card is still in the mail?). FALSE!!",1
"The app for reasons to be explained does not show any information regarding recently declined transactions, requiring calling customer service to even verify that a transaction was declined. I understand the need for additional security on large transactions, but not even showing an alert is a major issue. Both from a security standpoint and from a customer experience standpoint. Please at least show that there were declined transactions. if I did not request it. I definitely want to know aboit",1
Update: 1 year late and Chase is still vibe coding their security with some AI garbage or other low skilled labor. I would love for them to take security seriously and implement auth for at least a day. 0/5 I would love to see a MFA implemented correctly somewhere. Chase now only does MFA via their push notifications which don't even work because they can't be bothered to write code correctly. Frustrating and really lowers my overall confidence in chase writing secure and correct applications.,1
"Chase is a bank that will block you or freeze your account for no reason at all other than their stupid ai flags your account for ""suspicious activity""! Then you have to call them and every call takes at least 30 minutes due to their INTERROGATION OF YOU. FOUR TIMES in the first month they have blocked me for simply making absolutely normal transfers from my account to another account in my name. Each time they said they would fix this problem but each time they did not. NEVER USE CHASE BANK!",1
"This would be an OK app for credit card use if the current balance was displayed for each transaction. Charges, Credits, and payments have no context when it comes to an ongoing balance. Please study apps such as Bank of America to see how ongoing credit card balance information can be done. Also, app is overly busy with emphasis on Rewards and promotions rather than accounting to the client. Very disappointed to have a banking app that resembles a coupon mill rather than a financial company.",2
"I REGRET Trusting Chase because they're a major corp. who feeds off those who have less than others. They have set me up for perpetual failure with APRs at 27+% Interest. I have no desire to be in a relationship with Chase Bank or J.P. Morgan. They've BLED Me DRY. I have the ""Chase Freedom"" credit card. It's called that because as long as I am a customer with Chase, I'll ALWAYS be CHASING FREEDOM, but always ENSLAVED to DEBT. At the End of This Year, I'm PAYING OFF My Debt, You Have MY WORD.",1
"Really easy to use. At times it is tedious to sign in on a new device, but those loops you jump through are what help safeguard your account. That inconvenience is absolutely worth the security it provides to your bank account(s). I haven't had a need to make even a single visit to any of their locations in over 5 1/2 years thank to its versatility, completely eliminating the need of a bank teller or representative. I highly recommend downloading this mobile banking app. Definitely 5 stars!!",5
"I wish you guys would improve the investment part of the app because its so annoying how you have to wait till the next day for the charts to update so you can see what your account looks like. plus, you cant turn off margin if you turned it on and you have to go through a very hard process of contacting the customer service to change it back and then on top of that the prices of the stocks dont update live and stay stuck at old prices from like 10-20 minutes ago even if you reload the app.",2
"Absolutely terrible app. On a brand new stock Samsung Galaxy S25, with no root, no custom firmware, and no modifications of any kind, Chase suddenly decided that my device is “rooted.” That is simply false. Instead of allowing a normal login, the app pushes me into a bizarre phone verification flow asking for card details and SSN, and then tells me the office is closed. So because of Chase’s broken “security” system, I cannot properly access my own account from a completely normal device.",1
"Chase close my account without any warning and no reasoning. This bank is trash. I can't even access my money. they let fraud algorithm detect unusual activity. I can't get simple Zelle or anything Without it being a flag, this company is too sensitive. i'm going with bank of america like always. i knew something was up when I was Bang notified to activate my debit card. It was already active. It was telling me, finish setting up my profile on the online banking. I saw the warnings then!",1
"Disappointed with chase credit fraud procedures. I recently placed a small amount order (under $150) with Amazon. My credit account at that time had no outstanding balance, my credit limit that was much higher than the charges made and lol the purchase was to my mailing address. Chase denied payment. I cant understand why. When i spoke to them the rep claimed it looked suspicious. I respect and value fraud units, but why chase did not contact me before denying the charge i cant fathom.",1
"Overall an exceptional app Long term goal feature is terrible. I want to connect each goal with a single external (fidelity) account. Instead, all assets are dedicated to the ""highes priority"" goal first. Furthermore, ""contributions"" makes no sense. I want to see how close I am TODAY, not how close I would theoretically be if I contributed $100/wk. If my goal says I am 100% there, I want to have 100% of the money saved in my account TODAY. current setup makes sense for retirement only.",1
"I have been on the phone with chase 7 times today. I couldn't log into my mobile account. The 3rd call, they said that chase had changed their password format, and that's why I couldn't get in. The 4th call said, no changes! The 5th call sent me to tech dept. which was of no help. The tech gave me an incorrect phone number and I got stuck on the phone with some guy trying to sell me a ""help, I've fallen. I can't get up"" button. He wouldn't shut up, so I just had to hang the phone up.",1
"App used to be good, after an update I have to try to OPEN not log in but actually OPEN the app multiple times, then I sometimes get the error message that it's unavailable for devices that have been rooted, recently just bought new s26 ultra from a 22 ultra and right out of the box get chases rooted error message. Looking elsewhere online this seems to be a common problem and when reaching out to chase their response is to factory reset the device... It was BRAND NEW, fix the app.",2
"Needing to reset my password I spent almost an hour being transferred around, on hold or calling back as the three people I spoke to verified my identity. The last person I spoke to told me to make an appointment at a local Chase office to handle my password reset issue. I told the lady my solution was to cut up my Chase credit card. I will do that as soon as I submit this comment. I'm sure many of Chase's departments are excellent, but their Credit Card department is a nightmare.",1
"Not a fan of the hair trigger style side swipe actions, sorry. No practical need for them to only require a hair lengths motion of a supposed side swipe when no intentions of such actions were intently applied. Fix this please. Who has time in this world for unneeded mistakes that carry at times unpleasant consequences? I've grown livid of this very common desire from developers. It is only an annoyance the way that it is. The longer this goes on, the lower your rating will go.",3
"1ST THIS SHOULD I SAY REVIEW IS LONG. I'M A RETIRED LITIGATION LIAISON. I'VE SAID TO PLENTY OF CUSTOMER CARE REPRESENTATIVES HOW LOYAYAL TO CHASE. I CALL CHASE MY BANK AFTER BB&T CLOSED. I HELD AN ACCOUNT W/ BB&T FOR MORE THAN 10 YEARS YEARS IT IS MY FIRST ACCOUNT. NOW I'M LOYAL TO ""MY"" BANK WHO I MAKE CLEAR I ABSOLUTELY LOVE. MY GOAL IS TO OPEN A SAVINGS ACCOUNT WITH WELLS FARGO IN ADDITION TO MY ACCOUNT WITH PAYPAL I USE JUST FOR ESTABLISHING INTEREST-BEARING GOALS!! (3.4-5%)",5
"Stop shoving credit card adds at me every time I reach my home page. I dismissed it once when I openned the app, and three more times before I finished what I was doing and closed it. Once was annoying, four is ridiculous. I don't want to need an ad blocker for my banking app. Three stars bc the app works well and I can manage everything seamlessly. One and a half stars off for the above, and another half bc the layout is kind of a mess with all the random stuff you can access.",3
After the latest update the app no longer works. It gives me an error about my device being rooted or containing malware. My phone is not rooted as I don't know how to do that and I reset my device to factory default and it's still giving me that error. I went online and found there are thousands of people all with Samsung phones having the same error and all within the last 30 days. I need to either switch banks completely or go back to banking the way we did in the 90s.,1
"It stopped working, and I sent an email to the address provided for mobile support, and they want me to use secured email on the website instead. It's not account related, it's the app. I'm getting really tired of these support email addresses not being what they're supposed to be. Maybe that's partly Google's fault, but when I explain the situation clearly and I can tell the responder didn't pay attention to what I said, they get 1 star for being unprofessional.",1
"I can Access Chase Customer Care Service 24/7 via Smart Phone or th ru the Mobile app. any time,any where! The direct link btwn my Chase Bank Checking account and the Send Money with Zelle option has CHANGED MY LIFE FOREVER!!! Now I shop online- pay my bills on time! Transfer $$$$ to any registered Zelle Pay recipient any time any where with No Hidden! - pay my bills on time an shop online, pay my bills on time; transfer cash money to anyone any time any where",5
"UPDATE: They fixed the password autofill field but I guess they didn't check the username field while they were at it? How incompetent are these app devs, seriously. Autofill should work on the password AND USERNAME. Latest update broke password manager autofill. Works in every other app except chase. I'd love to just use fingerprint login but it's a pita when you have multiple accounts so I stick to the old school password login, which is now broken.",1
"Telling the user's phone is rooted or has malware, while refusing to work and not indicating what actually triggers the detection is unacceptable. It has been like this for months now. Check Reddit and you will see a bunch of Samsung and Pixel users complaining about this issue that seems to be coming out of nowhere. If there is an Android platform change, Chase needs to update the app to comply, otherwise delist this now useless app from Play Store.",1
"Chase Business appears to implement significantly stricter security parameters compared to personal accounts. T-Mobile's native IPv6 architecture (utilizing 464XLAT translation) is frequently misidentified by Chase’s security systems as a proxy or an insecure connection. This often triggers an automatic account lockout after just two or three failed handshake attempts, causing major disruptions for business users relying on the T-Mobile network.",1
"The app is currently broken for many Samsung S Ultra users. It keeps reporting that my device is 'rooted' or has 'malware,' despite it being a 100% stock device with all security updates. I’ve seen many others in the Samsung community facing the exact same bug. It’s unacceptable for a major banking app to block access to accounts and Credit Journey based on faulty security scans. Please fix this compatibility issue with the Galaxy S series!",2
"I received a new card while making a purchase and was instructed I could use the card immediately for my purchase, and the card would be linked to my SW account if I happen to navigate away. It's been an hour and my card has not linked to my account to make the purchase I started and calling the company that's associated with the Chase card....they just say I have to wait for Chase to link the card. Very poor experience for a new customer.",1
"The ID photo process is a nightmare you need perfect lighting, a dark background, and the stability of a tripod just to get it to register. And every single time I try to send money via Zelle, I get locked out for ""suspicious activity."" I've called three times, confirmed it was me, gotten back in and the second I try to send to the same person again, locked out again. and Money never goes through. gotta give it to chase bank bravo.",1
"the app is fine it's customer service that made me change my original rating. reported a fraudulent charge and got passed around 10x to the right person regarding the issue. i submitted a claim and then they responded back saying ""I"" made or authorized the charge when I clearly stated that I never made the transaction in question. Again the app is fine but customer service, dispute department, unhelpful and basically closed the dispute.",1
"I would give this app a five-star review, but there is an inordinate amount of bouncing back and forth I have to do to set limits and alerts. Parts of the app are not intuitive. I would also love if the developers would consider a feature where we could check off purchases as we verify them ourselves, and maybe flag other ones. All it would take is a data entry box and color options for each transaction. I do use the app more recently.",4
this Chase app is very distorted white and doesn't have a background where I can read the information that I need to work with as such as putting them in my password the screen is not like I darken my screen from my Android phone y'all need to put a new app on Google Play I'm blinding when I so I need clarity in the app to be able to use it perfectly you asked for feedback where I'm supposed to be able to send this information to,1
"Completely despise this app. It's the only app of all my credit cards that won't keep me logged in. Constantly have to go through all of these hoops that no other company like US Bank, Citi, Wells Fargo, ect. make me do to log in. I have alot to manage already so having to enter card numbers and find other information everytime because this dumb app will not remember my login is frustrating. I regret opening this card , heavily.",2
"Since a recent update, the app is using the predictive input for passwords. The field is no longer showing treatment of a password field as expected and it is allowing my password to be saved within predictive text. This means that my banking password, a unique string, is being saved as free text on my device and showing within predictive text! No other app I have installed does this. Chase needs to fix this ASAP!",1
"Chase Call Center Representatives and Staff are incompetent, callus and dishonest. One of their outsourced reps didn't process my payment as scheduled and as a result my credit score has been negatively affected and instead correcting the issue in a timely manner, it took them approximately 4 weeks to ""resolve"" my concern with dishonesty by blaming me the customer......They deserve ZERO stars in my opinion.",1
"Fingerprint Sensor Routinely Fails. For the last couple of weeks, I always fail signing in with my finger print. (biometric sensor) I have to go through 3 error messages before it takes on my Pixel 9A. I don't have this issue signing in to my other apps with my fingerprint. The only reason I use the app is it is easier than using the web version which relies on SMS messages and not an authenticator app.",2
"Device: 1+12r app works fine other than the fact I can't search for past transactions using keywords like other banking apps, instead, you have to search using the date of the transaction,plus, the amount that you're looking for, other banks like BOA, just need search queries like ""Amazon"" and all of my transactions from Amazon will be front and center, not revolutionary tech we're talking about",4
"STUPIDEST APP ever. You cannot remove an old payment method. I read Reddit, spoke to a supervisor, etc. The supervisor was at least able to advise how to manually add an external account, which I did, after the call. Little did I know you can't REMOVE an old payment method. This let's me know never to Bank with them if they make updating payment methods impossible. What jerk designed this app?",1
I've never had so many online banking issues or fraud attempts ever! I hate that you cannot search your transaction history by the name of a merchant instead of having to filter by what kind of transaction it was and amount. I would close everything with them if I didn't have to worry about the age of my credit dropping if I did. The checking account has been great but interest would be better!,3
It lists the things that recently changed on my credit. They were as follows. Account balances decreased Improved credit usage Improved credit usage Total available credit increased All seem like good things to me yet they say my credit score dropped 31 points because of these changes yet my FICO score went up 62 points. I'm give more stars when they fix this poor way of rating credit scores.,2
"Getting better... But then they break the app and make it worse. The app won't allow you to transfer funds anymore and requires multiple photos of checks for no particular reason. It would actually even mix up my accounts, so a payment made from one account would come out of another. Even more recently, it stopped allowing input from my password manager. Better to use the mobile website.",1
"Recently started receiving the message that my device is rooted or has malware when trying to add a Zelle recipient. My device is not rooted and the Play Protect app scanned my device and didn't find any issues. In my situation, I had the Cisco Anyconnect VPN app installed, and removing resolved the issue. I later reinstalled the Cisco Anyconnect VPN app and the issue did not return.",1
"Terrible decision to block screenshots! It used to work perfectly fine, but now I just get a black screen when I try to save a transaction or receipt. How am I supposed to quickly save and share payment confirmations now? You hide behind ""security,"" but you're just breaking basic phone functionality and making the app incredibly inconvenient. Bring back screenshots on Android!",1
"app is generally ok but a recent change made it so you can't use password managers anymore to autofill login information. they're really pushing the biometrics but last time I did that it gave full account access to a random person and they proceeded to get full control of my account, changing my password and address and all of that. just let me use username and password ok?",2
"App is good when you can get in. when you login with the correct login and password and the app says let's confirm it's you. Text a code, nothing, get another code, nothing, get another code. nothing. Try a different way, choose recieve a call with a code, NOTHING 3 times... I understand security but if YOUR security features are the problem, how secure is my info with you?",2
"After a year of having my phone, I suddenly get an error message while using the app ""Chase Mobile app is unavailable on devices that have been rooted or contain malware"". I've never rooted my o phone, nor I have malware. I ran all samsung security test and everything comes out good. I installed McAfee as well and same thing, no viruses or malware. The problem is Chase....",1
"The problem I'm having is that every time I log into my account I keep getting bumped out of my account with unwanted ads or interruptions. adds like going paperless, wanting to know how much my income is, and wanting me to use my fingerprint are all unwanted interruptions. because of these interruptions I have to continuously re-log onto my account. I don't like that.",3
Something is going on with Chase where it is marking some legitimate purchases through Amazon as fraudulent on its own and it's causing me a huge headache to sort out. Their customer support seems to mostly be AI which is what I'm guessing my problem is. The AI must be going rogue and auditing my account or something. I will be staying away from Chase in the future.,1
the app has glitches it doesn't record pending transactions and when I go into the branch the branch employee was rude because I'm asking for pending transaction that I'm looking for that I'm in dispute with a retailer or merchant so therefore that's why I raided this at two stars if some of these things were to be fixed I would definitely rated maybe five stars,2
"No option to close an account. I was forced to reach out to customer service, and it took so long that my account was charged and went into negative for a service fee just for the account existing. The staff is also trained to give you bad financial advice which will maximize the amount of interest you owe to Chase. My two other banks take the opposite stance.",1
"Chase has stopped caring about IT. we have a 10 employee small business. Today all the ACH payroll information just disappeared. We logged in to do payroll and all employee account info was missing. Chases' response: ""this just happens!, call back when the ACH team is available in the morning"". Chase is not a serious option for small business owners.",1
"this app is of little to no use, i've locked out of the app due to the app being locked to my old phone which is stupid not to mention you try to recover your account you met with a weird message stating we have disabled the forgot my password feature on rooted devices. i have a brand new galaxy s26 and my old galaxy s21 never rooted its a shame.",1
Easy to use..fast...and convenient. Update: August/20 Now I must update app or cant use it...dont want to..and can't because my phone is full and SD card not working...Now I can't check my balances! Not good Chase...very bad. Need to have this optional. UPDATE 5/2026 NOW I HAVE FINGERPRINT PLUS PASSWORD..WHY? I JUST WANT TO ISE FINGERPRINT..DUH,5
"Original:""It says I'm unable to access some features due to my phone being rooted or contains malware---this isn't true. I'd like to have full access to features please."" Edit: 4/13/26 This is no longer the case! It has been updated and I'm enjoying the app, or at the very least the app isn't a pain to use 4/19: They changed it back, screw em.",1
I've had nothing but problems with my new bank in this app accessing I've constantly being locked out required to go into the bank repeatedly for access my account which is made correcting the mistakes and stayig able frustrating as being locked out means I'm forced to deal with the poor treatment they give to paupers customer or not. boo jP,1
"You all should add a feature where it shows on the card itself if it is locked or unlocked. Just right on top of the card. ""Locked"" or ""Unlocked"" That way incase someone forgets that they locked it they can simply unlock it when wanting to make a purchase. Give additional star if you can make that happen. Other than that, pretty nice app ",4
"I am a chase customer and I bank there,they are very friendly, and have a lot of knowledge about everything of the company"" chase"" who they work for. and the fraud department is right on time. there have been several times my account almost got scammed and fraud department caught it quick. and notified me. and for that im very great full.",5
update your app so I can use passkeys. also add two-factor authentication that stays every time I log in it goes off. have an option if something wants to be changed that I have to verify my identity like my phone number for example since that's the most important thing on there for two-factor Authentication. same thing goes for address.,1
"Why did you block screenshots in the Zelle transaction confirmation screen? Does your development team actually think things through before releasing updates? Now I have to carry two phones just to take a photo of the confirmation, or download a bank statement every single time? This makes no sense and just makes things harder for users.",1
"A beautiful application, very smartly designed,good intricate security, fast and easy information of account!I really like A++ and financial accountability. Thanks, Chase Banking Team! Thanks again, Chase Banking Team Still a member of the Chase Banking Institution, thanks to the dedicated team members and staff representatives!",5
updates made it look nice but I keep getting a error to add recipient on zelle and cant access credit journey because quote on quote my phone is rooted or contains malware. never rooted phone and haven't downloaded anything new onto phone its been about a month and a half since its been happening 2 updates and no fix to the bug,1
"Mostly convenient, but their notifications are either nonexistent, or extremely persistent. And the notification you can set up to notify you of a certain points balance? You set it to 80 dollars and it lets you know when you've got 80 points instead, so stupid. I tried turning it off and I'm still getting the notifications",2
"As of 02/25 constantly says no Internet connection. As of 11/25 the app crashes when launched every third or fourth time. Completely wiped data and reinstalled and sill crashes. As of 02/25, it keeps nagging me to set up fingerprint login twice everytime I log in. Remember my preferences instead of asking TWICE every login.",1
"When logging in on my Samsung device(gallaxy s24+), the password field is not functioning as a secure field. My keyboard is displaying my password in the predictive text/AI bar. This does not happen in my other bank's app and financial institution app. It didn't use to be like this, but it started happening recently.",2
this app is slow and my account hasn't updated the changes that were made. I completely their promotion just to be told what I see on my app for the guidelines doesn't match their's on their end. otherwise pretty good. I will update you on their referral promotion process at this time I haven't received any updates.,3
"App is currently not allowing users full functionality. Anyone using the app is unable to utilize all functions because the app incorrectly says phones are rooted and/or contain ""malware"". has been this way for over a month and Chase denies any issue with the app. literally effecting 10s of thousands of customers.",2
Chase is always there for me Great customer service always pleasure to speak to customer service they so helpful I had account hacked a few times and where there help get my money back ever time other banks I have banked with did seem to care about customers but Chase does thank to all of you and CHASE BANK !!!!!!,5
"This app sucks. Been using it for years and now it won't display all of my accounts on the transfer screen when I try to transfer. Of course the account it won't show is the one I transfer to all the time. Be warned it sucks and their ""experts"" can't fix it. I don't think they even understand the simple problem.",1
"User beware, if you start a dispute, and then let the company have a 2nd chance, you can NOT refile the dispute at a later date. That is what happened to me. Now as a result, I owe will over $7,000 which i should have gotten returned. That's my personal story. Other than this problem, I've had a good experience.",2
"Edit: New bug, app opens then insta closes. So you have to open it twice every time. The ""search and filter"" function should just be called the filter function as there is no way to search anything. No advanced options either. This app needs an option to search by single words so we can look up vendors by name.",1
"Watch out! This app was saving my password on the keyboard word learner, it usually saves my username only, so and I went to the Internet site and it wasn't happening again so just go to the internet site instead of using this app until they update this. It started happening when I updated the app recently.",2
Been using since they released this app. Only complaint is that I can't transfer money to external accounts. I have to login to the full website on my computer (won't even let me access full site on my Samsung S3. Forces me to use mobile website). Major pain! Probably some banking regulation prevents them?,5
"For a month or two now. The app does not allow me to use Zelle or check credit score, as it mentions that it is unavailable for devices that were rooted. My device has never been rooted, however it has had developer options turned on before, that was never a problem though. Please, provide a fix, thank you",3
"The password textbox when logging in is not declared as a password field and is declared as a normal text field. The password comes up as dots in the actual text box, but is showing clear as day in predictive text as it's typed and it's even stored. Huge security issue. Chase needs to fix this IMMEDIATELY.",2
"Trade Options in this App at your own risk between 3:50 and 4PM. If you do Scalping, don't buy after 3:50pm and don't sell after 3:55. The transaction could fail. The stock market is saturated with transactions at that time. JP Morgan needs to improve, update their trading computers and software structure.",3
Figure out a better ui than a loading dialog for everything i tap on. Slow app. Also figure out your authentication. I enabled biometrics yet I have to login every time with my password and then again with a PIN. Biometrics should REPLACE auth not require 3 different Auth methods. it's not rocket science.,2
In the past month only this app has been showing my password on my keyboard when I type it. All my other banking apps don't show suggested text when I'm inputting a password. It can't be my keyboard if this is the only app that is doing it!?!?! anyone else having this issue. Please fix this CHASE.,2
Left Chase when they closed the branch closest to me. Thought the convenience of a closer bank would be better. Boy was I wrong ! I will take a little inconvenience to get to a branch a little further away for the piece of mind that my identity and financials are much safer banking with Chase !!,4
"Total spent for year for account, why is this not part of the app reporting? Why was it removed? How am I to track spending if I have no grand total of amount spent? I will have to use the website if not a feature included. Limits the usefulness of the app. Less user helpful, let alone friendly.",4
"Upgraded to S26 Ultra and now app opens as ""chase for business"" and I can't log in to my personal account. Still have my old S22 Ultra and the same app opens as ""chase"" and accepts my personal account login info. How does that happen? I don't see any other chase app to download on the new phone.",3
YOU KNOW I'M SORRY BUT I WAS TOLD THIS WAS THE BEST THING YOU KNOW AND EVERY TIME I GO DOWN TO GET MONEY OUT PAY MY RENT WHATEVER I'VE GOT TO CALL CHASE BANK THE LAST TIME WAS FIVE TIMES OKAY THAT IS SO I'M REALLY NOT SATISFIED WITH Y'ALL I APPALOGIZE? BUT HEY JUST MY EXPERIENCE ..SENCE DAY 1 ..,1
"How come when you exit out of the app with it still being open it in the background it no longer is a blank screen. It used to be a all white screen when you exited the app without closing it out to protect your information from prying eyes. It no longer works like that, it shows everything.",3
"UPDATE: ISSUE RESOLVED! THANKS! normally a 5 star app. Chase has by far one of if not the best user experience. EXCEPT - the most recent update broke compatibility with the autofill function, and thus, my password manager. I'll change my score to 5 stars once this functionality is restored.",5
"Chase has given me and my husband reason to trust a bank again. So helpful when we've had issues with online companies that are less than honorable. Being disabled it's hard for me to go shopping, so I do most of it online. So when there's a problem, it's great knowing Chase has our back!",5
"Can't change debit/ATM card PIN from app, phone, or webpage. Chase wants you to burn $5/gal gas polluting the air, adding to traffic, wasting my time, making the teller line longer wasting other people's time for the lack of a feature that most other banks have. Chase is not convenient.",1
"I love Chase Bank since 2007. From personal account, to credit card, to business account and more, I trust Chase Bank. Their customer service is second to none. Always superb customer service in every branch. Branches everywhere. I can't wait forvthem to open in East Colonial in 32820.",5
applied for auto loan promoted in the app by Chase. instead of just telling my my credit was frozen they outright rejected my application. we should all freeze our credit to prevent fraud. chase should have simply told me to unfreeze. hopefully other banks understand how this works,1
Today & for the past several months I have been trying to pay my Prime Chase Visa credit card and have trouble doing so - it will not accept my credit card info. I have had a Chase credit card for many years but over the past 3-4 months I have been having great difficulty doing so.,1
Overall the app works great. but it won't let me use credit journey as it said it can't be used on a phone that's been rooted or that has malware. My antivirus software isn't finding any malware nor is my phone rooted. So until this is fixed I can't consider this app complete.,2
"When I go to login to my account, my password is now showing up on my auto correct. At first I thought it was my phone but found out it was only occuring on this app. I have a pixel 9. In order to not have it show up I have to delete my autocorrect and disable it when I login.",1
"Two Chase Amazon cards had me confused. It cost me a missed pay and severely dropped my credit score. I thought I had made my payment, not realizing I had two separate accounts with Amazon. I should be reinstated on my credit score. look at my 83 plus years with zero default.",3
"Love this app!! My ONLY wish is that I could see my card details (number, expiration date, security code) in the app as well. Sometimes I don't have the physical card on me and I wish I could just log in to see the info. Other than that minor request, I have no complaints ",4
The app has been glitchy for a while now. I couldn't log in this morning. Please fix this. It keeps telling me I'm not connected to a network also. I had to log in on the web.  Edit: Whatever you did in the last few updates broke your app. Great. Technology is awesome. ,2
"After opening a SW card I have never received the miles I was promised to open the card. I have been getting the ""run around"" for 5 months now and still it's not resolved! This is ridiculous! Use another airlines and a credit card company if ypu want what's promised to you!",1
"If you're gonna report people for going over their limit how about not letting them go over their limit? I don't look at my balance until the end of the month, if I swipe it and it goes through I assume everything is good, now I got a bad mark on my credit bc of these guys.",1
"Constant ads to increase my debt in-app. Push notifications for logging in on a computer do not work. Everything takes 5 confirmations to finish. No one should expect to love a banking app, but this one is so bad, I actively avoid using it unless there is no other option.",1
App is great but app says my device has malware but it doesn't because I used my security scans and stuff like that. Due to this I can't check my credit score nor send money to my family members. Please Chase fix this. Other than that the app is great just when it works.,1
"Fix please! App looks off. The logo is covering letters, and much more distressing when typing my password, my phone is now not only displaying the key strokes but attempting to save them. None of my other banking apps are doing this. Uninstalling until further notice.",1
after last update the password became visible when typing it!! for all apps with security as banks. when typing on the password section it doesn't show what you are typing as you go. with the last update the password is now visible! fix please this is a security issue,1
"i have been with chase for over a decade and since i moved my direct deposit, my employer took a week to pay me and on top of that, chase held like 80% of my money for a day. it is MY MONEY. stay away from this shady bank. I wont even hear an excuse IT'S MY MONEY.",1
"Your AI assistant is laughably useless. and on top of it, your terrible UI makes the keyboard cover the text field so you have no idea what you're typing. And you won't let me email or message a human rep to ask why you stopped emailing me credit card statements.",1
"Excellent experience! I’ve been a customer since I first moved to the US, and the service has always been outstanding. They treat you like a person, not a machine, and you can really tell they genuinely care about your experience. Highly recommend this company!",5
"Chase app service is the poor service it keeps saying that they information is not the same as my information then why are you reporting me to the CFPB credit card company like Experian then, how you know if it's the right person you can not do that job right.",1
recent stopped letting me add zelle addresses. claims my phone is rooted. look at the forums thousands of people are basically locked out of the app. Fix your app chase come on. Also why is your app so bloated and slow. Time to fire software development team?.,1
"worthless. I already have an account with Chase but the app won't let me login or create another login for it. After screwing around for 20 minutes trying to get logged into this app, I logged into the website and got what I needed taken care of in 5 minutes.",1
"worst update ever. as you are typing your password on your Android phone, it shows that password. whether you have indicated you want to show password or not, which I would never. how do I uninstall this app or at the least this update because it's the worst",1
the transaction sort is wrong. all banking apps sort by the cleared date. this app sorts by charged date. when you think you have entered all the charges for a date into a tracking app and come back new charges show up and you have to figure what was added.,1
"This app is great, but then all of a sudden it just seems not to be working properly. It doesn't let me log in, and even when I try to reset my forgotten password, it tells me that my username is wrong. However, I did restart it and clear out the space.",4
"Chase cards for Marriott and Disney are the best! Easy to use, easy to understand website, and best customer service - especially in the face of theft or loss! Locked-in interest rates seal the deal for best credit card in my wallet...highly recommend!",5
"good, but recently I've been experiencing a bug where I'll transfer some money from spend, and it doesn't update unless I close and reopen the app. frustrating. if it was fixed, this would easily be a 5 star review. UPDATE: this bug was fixed! 5 stars.",5
got scammed in Amazon and the first card they sent was in 2 days the second card i was promised next day and it took 5 days usually I have great customer service from chase but in this case it seems they did not care about what I was going through,3
"This app accuses me of rooting my phone or having malware on it. It's stock, play protect says no malware, and is definitely not rooted. I am blocked from at least some transfers but I can easily do them through the website from my ""rooted"" phone.",2
"I really like the app, but a recent update to the way passwords are entered mean that the text shows up on my Pixel's predictive text. Rather than being hidden, anything I type in the password field shows up the way any other message/text would.",2
With the latest update I can't pay my mortgage. it states that it's unavailable in devices that contain malware or are rooted which my phone are neither. I can pay my credit card or go into my checking with no problem in the app. Fix it please.,3
I tried to make a payment online and by phone it was really frustrating. I could not make my payment because my payment method still had my maiden name. Now I'm going to be charged a late fee of $29.00 to $40.00 dollars I was told by the Rep.,1
Not what it used to be sadly. Notifications on Samsung just don't work and haven't in forever. Of the three choices only works. Android and text do not and haven't. Easy to pay bill and see details. But really need notifications to work.,2
what the hell is the matter with this app? I click on it to check my credit score and it tells me something about malware or a rooted phone. and yes I have a new Galaxy s26 ultra. the same as everyone else that's complaining about this.,1
"They said I had special offers with a big email message but once I clicked on it they said just not my account, lol... Then they asked me to rate them. Now I think I should get compensated for wasting my time and pain and suffering..",2
"app has been good however new ossue now for both me and my wife (Android) when attempting to transfer funds the app will not present all of my accounts to choose from. In the browser however, it displays all accounts without issue.",4
"Chase now does not allow use of a computer through the browser website to log in, forcing users to either call by phone or to use this app. This is an inappropriate coupling to the Android app system, and does not improve security.",1
Chase has a sophisticated ai driven algorithm to extract maximum moolah from your wallet. Got slammed for transferring a credit card balance they were charging 24% on. Remember this was that bank managing Bernie Madoff's Billions,3
Recent update has stopped me from adding contacts on Zelle on BS invasive system check by Chase which says malware or unlocked bootloader. Get with it chase many phone companies unlock bootloader when you change network providers,1
"The first thing I want to see is credit card activity and it is buried in the menus where I have to spend time searching for it. That was wrong, I just had to scroll down but it didn't seem to be labeled that way, just assumed.",4
"website services had lots of bugs! major issue, you can't search by name in transaction history! for example you want to know how many checks you gave to Adam Smith in past 12 month there is no option for that to type the name",3
Since last update app will no longer allow Google Password managed to auto log me in. I have to manually enter a 20 character string of random alphanumerics and symbols. Only the Chase app. No other banking app does this why?,1
Got an error - For your security Chase mobile app is unavailable on devices that have been rooted or contain malware. The device isn't rooted. Nothing suspicious was installed. Such an annoying glitch that disabled Zelle.,1
Sending a Push notification the day after a payment is due is predatory and despicable. You could just as easily send that the day the payment is due as a reminder and give a positive user experience. Enjoy the late fee.,1
"Chase is by far the BEST credit card I have ever used!! On a rare occasion, if I've had an issue with a company I've used the card with, Chase has almost always resolved it for me. Love the cash back offer, as well !! ",5
"pretty trash for an extremely rich bsnk. It's 2026 and AI is nearly running the world but I can't type in a word to search a transaction? yall still in 2012 or what? also, it closes every time I open it. fix it already.",2
A decent app with way too many ads. The marketing people think it's their God's right to do that. I don't. They are evil. How do we the users discourage them from doing that? I would like to invite a discussion on that,3
"Edit, new update ruined the customer experience UI. Now I can't even see what my account balance is! They have hidden it under layers and layers of UI rather than showing it on home page like it was before! Works fine.",1
"Not good, the new update from March 19, 2026, is now showing my password in my keyboard on my Samsung galaxy S21 Ultra. And it's only on that phone, but it doesn't show it on my S26 Ultra. Why are they different now?",1
"This app makes sending and receiving money incredibly easy and convenient. The interface is simple and user-friendly, and transactions are quick. It’s perfect for splitting bills or paying friends without any hassle",5
"I don't appreciate that they advertise their financial products to me within my list of transactions. For example, under my regular transfer from Chase to Ed Jones, there is an ad for their own investment products.",1
"in comparison to other banking intuitions/ app, Chase feels the most modernized and smoothest running. instant transfers are a big plus no waiting periods. I would highly recommend, especially if you're tech savvy.",5
Chase Bank is a great bank meeting my requirements. The bank's mobile app is user friendly and contains many financial guidelines suitable for any person either looking for an investment or managing his/her money.,5
Trying to navigate to verify my personal information and initiate updates. This is the most user unfriendly app. Makes me want to cancel all my accounts and pursue another Company and venue to handle my business.,1
"Engineered by complete idiots. To add a card to a digital wallet before receiving it one needs an account. But to create an account one needs a card number, before the card has been mailed. Stupid stupid stupid.",1
"I keep getting told I cannot check my credit score due to my phone being rooted or having malware. I do not have malware, I have not rooted my phone; that's not even possible with this phone. Please fix your app",2
"Chase serious need to fire the app dev team for releasing such a terrible app without QA. Tons of people are having issue with Zelle with the ""rooted device"" error. We don't have root! -Signed Samsung S26 users",1
I was Auto enrolled in paperless statements I tried to uncheck it and it wouldn't uncheck and now I'm enrolled in paperless statements and I'm going to have to figure out how to get it back to paper statements,1
keeps trying to send codes to landline numbers nobody has access to. I can't update my number so I have to pay with stamps and a paper check until the account gets cleared out and they eventually close it out.,1
I keep getting this error that my device is rooted or contains malware. My device is not rooted nor does it contain malware. I also do not see why a bank app should be dictating how I decide to use my device.,1
I have been a Chase customer for about 30 years. I would not use any other Bank. Chase is the #1 provider for the average consumer. They have all the tools you need. I give JP Morgan Chase a rating of 10/10.,5
"Been with Chase for 5yrs! they have been there for me when a problem would accure. And the staff are very polite and friendly to, I recommend chase bank to all who are looking for a bank they can trust. .",5
"Was making my payments on time, no warning, just closed the account. Killed my credit overnight. I was even doing exactly what they wanted, earning extra points by charging so much on a shirt time period.",1
I'm very happy with my chase Account and I been with them for a long time my direct deposit comes & early I work at Burlington and in we get paid on Friday and instead of Friday I get paid on Wed night .,5
It used to be so easy to track your spending each month and how much was spent where etc. They changed it and now it's gone/hidden or something so it's incredibly difficult to keep track of your expenses,3
"Been my bank/app of choice for years Currently the password input is not registered as ""password"" under Google's keyboard format, this could pose security risks with other keyboards that store data.",4
The app stopped letting me sign in to make payments. Submitting to a forced update is the only way to get around their intentional sign-in block. The app worked just fine prior to the forced update.,1
"I've got almost 810 credit score and this is STILL about 30% APR charge. I'm about to transfer this balance, cut up this card and take off Amazon account since that's the only one that charges it!",1
Update: Fixed as of 4/17/26 Something seems to have changed so that the password field is treated as plain text and feeds your password to the keyboards autocomplete. Unbelievable security failure,4
"Travel booking is broken, and I can't log in via the website because it insists upon getting confirmation from the app on my old phone, not my current one. UPDATE: Transaction searches are broken",2
"My device is not rooted and doesn't contain malware, and if it was, why are blocking me from viewing my credit score but allowing me to do everything else with the app, including sending money?",1
the app is saying my phone has malware or is rooted when I try to check my credit score or statement. neither is true and I have tried on two devices. it lets me access everything else but that,1
"The CHASE credit card interest rate is high. Individuals with an 800+ credit score should be offered a much lower rate. When an inquiry was made, the quick response was ""No."" SHAME on CHASE!!",1
Putting ads in the middle of the transactions is disgusting. Popping up an ad for what I can do with my money every time my direct deposit arrives is also ick. Be a bank not a marketing firm,1
"best bank ever, I got my first Chase account over 45 years ago and been with other banks as well and Chase has always been my best. Now I only use Chase for all my banking and credit cards",5
App has been great until this week. Now it won't let me sign in with the same credentials that I use online. It keeps telling me it can't find my username or password. Highly frustrating.,1
I've used this app for years. Just out of the blue when I try to log in started telling me that it can not locate my information to log in. That's even with using biometrics. please fix.,3
"Chase randomly started restricting my access to features claiming my device is ""rooted"" or containing Malware I've changed nothing in my phone over the last 4 years I've had the phone.",2
it's an app. it works. one complaint is that it takes to long for purchases to stop pending and it'd be nice to pay even if they are pending. that's a chase problem not the app though.,4
I like the app. I wish the easy balance check was brought back though. it was so convenient to just check the balance with a quick swipe of the login page. Please bring that back!!!,4
recent update makes app think Galaxy phones are rooted so almost entire app is unuseable. edit: over a month later and this still hasn't been fixed. glad I switched to this garbage.,1
"Can't add recipients due to ""rooted or malware device"" error. This is an issue for thousands of users. Please fix the app. My phone is neither rooted or facing any malware issues.",1
"last couple of days, that I've noticed, the app doesn't accept my pwd or username, I go to the Web browser and the user name and pwd works just fine. fix the APP please 2026-04-08",5
"No chat service, long wait for customer support. No detailed information on the app. I need to connect with an agent every time I need to know something specific about my account.",1
"New issue: your device has been ""rooted"" or contains malware. Whoever this genius who came up with this check must be fired! Chase, fix the issue as there is no root, no malware.",1
"This app is very good for all my banking needs, but it would be much better if there is a dark mode and perhaps the ability to change the pin of one's card in the app when needed",3
troublesome and will have you calling customer service consistently. Customer service will barely be any help. if you're not stuck already I'd advise to not even start with them.,1
if you like having to reset your password everytime you want to pay your bill this is the app for you ... oh and it doesn't let you save your password or remember your username,1
All of a sudden it tells me my device is rooted and cannot be used.. but it's not and I've been using the app for years...hasn't been fixed yet..about to switch banks over it.,1
Lack support & close accounts for 20+ year clients who have a cancer emergency in the family. A bank with no respect for cancer will have little respect for its other clients.,1
"This application is designed to be user-friendly and offers the most efficient way to access your account, pay your bills, transfer money, deposit check and view your balance.",5
"got to be one of the worst banking apps ive used. constantly signs me out and is confusing. also chase is a horrible bank, with horrible interest rates. get out while you can",1
Chase has saved me some money because I ordered some things on the internet and and obviously it was a scam and they declined it and if they declined it then I don't buy it.,5
"chase is the worse bank ive ever experienced horrible customer service, card doesnt work half the time and even with my overdraft turned on it doesnt work chase is garbage",1
"After April 2026 update, not able to log in on mobile app 3 different devices, all Droid. Doesn't recognize user ID. On website, user ID ok. DO NOT UPDATE!!! No stars",1
"They close all safe box in Phoenix are without any explanation, I'm going to close my checking and saving account,I don't want to dealing with this bank anymore. Sorry...",1
"Chase is the best US bank in my opinion, and the app is one of the best and most complete I've had. I just love it. try it out and see for yourself how convenient it is.",5
it won't let me get a replacement card because apparently my phone is rooted.... news to me since it's very much not and it's a Samsung where that's not even practical.,1
Chase Bank is a bad bank. $34 for every draft is theft and I wish more people would stand up against these corrupt corporations. They made $1 BILLION in overdraft fees,1
"The Chase app works well. The user interface is intuitive, and the layout is simple to understand. You can find the options you want and take care of business quickly.",5
"Too hard for seniors. I was not able to get an answer to ""How much is the charge?"" The reviews is not good either. so I am to ready to enter from frying pan to Fire.",1
nothing about this app works. the chat box is hidden behind the keyboard. there's no option to add a passkey. NFC card detection fails. Customer support can't help.,1
"Chase is once again putting ads/""Chase offers"" in my transaction history. That is ridiculous. Why should I be forced to look at ads while checking my transactions?",1
Password field on the mobile app shows my password in predictive text while typing. This ends up recording my password. A huge security risk. Using Google Android.,1
chase is good all around. I needed a chargeback done and they took care of it for me. they set me up with a self investment account and I'm up over 20K in a week.,5
"Tried to add a recipient to my Zelle and got a message saying it was unavailable because my device is ""rooted"" or has malware. This is not true and must be a bug!",1
"For some reason, this app needs updating MORE often than others which becomes a hassle for customers who don't have the time to devote seemingly every few weeks.",1
Recent update to app causes account to change to Paperless without any user input. Then I have to go into settings and manually revert back to a paper statement.,1
they've given me an increase in my card and I didn't even ask and they don't pressure me when the monthly payment is due so I've set it for automatic withdrawal,5
Just a really good bank in keep your money. I feel safe and that my money is secured . That you Chase for being there when I needed help during crucial times.,5
Chase has not done me wrong since I have been a customer unlike other financial institutions. I will be with Chase until they do something to lose my trust .,5
"it removed the report a problem button on your purchases, I can't even report a purchase I didn't make because of this! I want my money back! fix your app!!!",1
Chase is the best bank with the best Customer Service and the number of branches and Financial Services available than any other bank I've ever dealt with.,5
"Constantly locking my card, charges monthly fees, bank transfers take days even if its supposed to be instant. No digital mobile chat only call services.",2
"It's so easy to use for all daily bankings need。However, it is very slow on the self directed investment. I have resorted to using a PC or web based.",4
This is maybe the most useful app I have on my Galaxy a51!!! Can't do without this app!!!!..Also love the Snapshot Questions!!..Greatly appreciate.!!,5
I've been with Wells Fargo since my first bank account.. I don't know when the overdraft protection disappeared. but this is the last time I'm ever going to wake up to my account in the negative because some company doesn't have overdraft protection anymore. I woke up $100 in the hole and I cannot afford it. now I have to go tell my little girl that she can't go to a concert because businesses don't care about us & don't take out their money until almost a week later. canceling my account today.,1
"4.8/5? that's a fake reviews. this app and bank is at most 3/5 rateing. Auto payment is not working properly. My due date is 2/2, and then the auto payment change from 2/2 to 2/3? This causes a late payment. Not sure if it is a rigged auto payment or not. There is no way to cancel auto payment on app. U need to make a phone call? Why? This does not make any sense. Best advice, dont use auto payment. fake posting on ur account so they can charge u a monthly service fee. stay away from this Bank.",1
"I'm about to leave WF bc of their relationship w/ Zelle. I cant even send my own husband money through Zelle! The one that sends me $2k every first of the month, I cant even send him $1K when I want. I am soooo sick of this. Zelle was supposed to be the instant, cost free solution to Venmo or Cashapp, etc. Yet there is nothing instant about it. My transactions to my OWN HUSBAND, who banks with Navy Fed, are constantly capped at $1k or reversed for no reason!! I've been w/ WF for over 20 years!!",2
"EXTREMELY unethical business practices. Even when you're going through a very serious financial hardship and are homeless they treat you like a number and never once did I feel like I was being treated like an actual human. I've been a Wells Fargo account holder for over 14 years and they can go pound sand. their customer service is just robots and even when I threatened legal action their response was continued gross negligence of serious issues. loyalty is worthless to them, go anywhere else",1
"OMG.Been with Wells since 2011.They are back again,with highway robbery.1st 2012 I had 2 accounts Wells opened 4 I didn't know about.Xfinity month to month no contract .Turn my router in paid.Took them off auto pay.Of course ,Took me off mobile banking .Xfinity 195.Wells let Xfinity overdraft me.I can't even overdraft.Added 70 in overdraft.That I don't have.Im 65 Spinal chord injury, emphysema with a 14 yr old.Their customer said they my money for me on Friday 14 times and all my gas.No money.",1
"Very helpful thanks! I can handle my finances where and when I need to. It's a perfect app that enables me to take care of my banking needs, easily. After 4+years of use I still love this app! It continues to have updates that make an awesome app even easier and with new advances to help manage a wide range of information about my financial situation. This enables me to make informed decisions. It also ended me to quickly find an unautherized charge and helped direct me to where to get help! ",5
"Wells Fargo shouldn't exist. I had zero debt except mortgage, my mortgage payment went from just under 1200 up to just under 1800. when I called, they said they didn't know why, I called again, dInsurance. I'm not paying the extra until someone tells me why, called again and got Dianne. Dianne told me I cancelled my insurance. She was horrible. I don't read the paper, I had a neighbor call and asked why my house was going up for public auction, in a days,. I had to get an emergency chapter 13.",1
"Great banking app for typical bank account stuff. Easy to add external accounts. A little bit less intuitive for buying stocks or ETFs in a brokerage account than say Cashapp, but it works once you get the hang of it. One thing I would say is that it is annoying how when redeeming credit card rewards. you cannot just select to redeem ""all rewards"" rather, you have to type in the dollar amount of rewards you want to redeem. Just add a ""Redeem All"" feature like everyone else. :-). #loudspeaker",5
"If there was a way to get the notifications WHEN transactions are done and NOT when the bank automated systems gets around to it, If there was a way to NOT get notifications between 3 AM and 5 AM my local time, If the notifications were done at a time that there IS someone available to fix any problems the notifications are being sent about, If there were actual people to talk to and NOT an automated service WOULD help. I could write more problems and solutions, but I would run out of space.",1
Runaway from this scam! I have had them ever since high school so over 15 years my credit score is often 800 or higher. I recently experienced some hardship and went to ask them for payment options and plans for my Visa. The two people I spoke with on separate calls both said that they don't offer any plans. There's nothing they can do to help me. My option would be to pay the minimum balance of $69 and by then I should apparently have it paid off in 3 years she stated. Fees being $45/mo. No,1
"Wells Fargo is garbage. Issues blocking purchases that I've approved. I can't make too many payments on my credit card each month without a Wells Fargo bank account. You also can't deposit any of your cash back into a bank account unless it's through them. Now they've decided to disable my log in for literally no reason. When I called, they gave me a temporary password that didn't work. Now I'll have to wait on hold for hours over absolutely needless nonsense. Pick any other credit card.",1
"​Don't fall for their balance transfer offers. I paid $450 in fees to transfer a balance onto a $20k limit card that I had a $0 balance on. As soon as the money cleared, they dropped my limit to $1,000, leaving me $8,000 over-limit and demanding immediate payment. They basically stole the transfer fee and are now forcing me to pay the balance back instantly. Extremely predatory behavior. I will be filling a CFPB complaint if this matter is not rectified. Customer service is zero help!",1
I don't like the way your app acts like a fortune teller and saying that you're going to be a -200 and something dollars on April 30th. I pay my bills manually. whoever the developer is that programs this app shouldn't have that there were according to our predictions you going to be a -200 on April 30th that made me very mad when I punch everything in manually in the app and I don't do anything before I have any kind of money. I got my money today your app does nothing but tell lies.,2
"terrible bank, 2 people wer absolutely rude, begging for help and basically just told oh well too bad and condescending attitude that make you feel horrible. been with this bank for almost 20 years, I got into a bad accident that set me back and desperately trying to get caught up, get told sorry cant do it more then one time a year? but can call cops for ""wellness check"" instead of fixing the problem out of spite. no longer using them once my case is settled. 20 years good enough ",1
"when banks go to far. so you see a charging your car that you don't remember and what does your bank do with your hard-earned money that you are giving to them to hold for you and that you trust them with they decide to freeze your account on the weekend to make sure that you can't talk to anybody or get any of your funds out of your account until Monday. so when you have no formula or no diapers you can't count on the hard-earned money that you make at your job and use that to pay,",1
"I have,alot of funds then I go to open an account, so 1 Day later they close My account Due to past over deposits, I'm like What???? -120 Star's you think Y'all would love to have my business but So Conceited Maybe!!! I Don't Recommend Wells Fargo Las Palma's location and marbach by the HEB location. What kind of banking is this to say after March 5 that ,imma be not even allowed on there Wells Fargo property, I didn't even curse nobody out or disrespect anybody, use Wrong words?",1
"The last couple of years, app sign-in page, keeps deleting part or all of what I type. It hasn't mattered whether it's the username or p.w., sometimes all or part of each delete. Usually, it's part of the username & I've almost gotten locked out of my account because of this. I've sent msgs before, but this is STILL an issue. I have to type a character, wait to see if the app will delete it, then, usually start over. & I wont use biometric on my phones (all 3 have been Androids)",4
"The app itself is very user friendly and the app isn't cluttered with extras that we don't need. 5-22-2026 Update and not necessarily for the app but Wells Fargo themselves are grimy and everything just came to light about why purchases take so long to post to your account. When an account is low or overdrawn, they allow down the paying of new purchases in order for you to get extra late fees added on to the account because they can only do in 3 fees a day increments per day.",2
"Although I LOVE Wells Fargo, I find I might have to leave as I now live 400 miles away from the closest branch office! I've been enjoying WF for over 20 years and I have never regretted being a customer-member of this GREAT organization. I have experienced wonderful treatment when I've really needed help. WF has ALWAYS ""HAD MY BACK"". To say that I've been treated fairly is a gross understatement. I don't want to leave but it seems I might have to. How unfortunate for me!!!",5
"When Wells Fargo bought out Wachovia, of five people in my family that had accounts I was one of two that crossed over to Wells Fargo. app has always been great, until the changes over the last few weeks. What happened to real time? that's always been one of the great things about your app, the immediate real time updates. Therefore, I can no longer allow my 5 star review to stay. If there were 1/2 stars available, I would actually rate the app a 2.5 at the current time. ",3
I opened up a checking account that paid a $350 bonus with direct deposits after 3 deposits. Wells Fargo paid a $200 transaction and the money was not in my account. This transaction was not authorized by me. I contacted them and asked for a reversal for the $200 which they did but they then notified me that they were closing my account and I was a security risk and this happened before I got the $350 and I had fully qualified for Wells Fargo's bonus. Complain to the DOJ,1
Idiots put a phone number on my account that's not mines and they won't let me change it. You all sent me a code the very first time on the right number and then having sent it to the right number since and you won't let me change it but somehow I can't have a credit card like I'm the problem. How come you all are the one screwing up on everything but I can't have a credit card? What's the use of having you all if I can't use you for what I need you for or anything ,1
"This app works fine enough I guess, but compared to my credit union, it's really annoying to use. Way too many sub menus, the biometrics time out all the time because I only use it for my mortgage and that's too long between logins, plus they LOVE shoving ads in my face the whole time I use it, forcing me to opt out of ""remind me later"" of all their dumb services, so that sucks. I guess it's nice that it reminds me why I bank with a credit union instead.",2
"TOO LATE! I AM NEVER COMING BACK! YOU STUPID DICKS!! NOW YOU LOCK ME OUT OF MY ACCOUNT SO I CANNOT LOG IN AND SEE WHAT IS GOING ON!!! I THINK I WILL CHANGE BANKS!!! SINCE YOU ARE THE NUMBER TWO SCAM BANK BEHIND VANK OF AMERICA!! OH YES, I KNOW ALL ANOUT THE MONEY YOU STEAL, EVERYTIME WE USE OUŔ BANK CARDS!!! I DO KNOW ALL ABOUT THAT!!! BEST READ MY REVIEW!!! NOW A SCAMMER!!!I SEE YOU ARE STILL ACTING LIKE SCAMMERS!! NEVER ASKING FOR AUTHORIZATION!!!",1
you're getting five stars because I have NOT upgraded to the new program. I did however read everyone else's reviews of the upgraded app. now I count myself lucky. well there are some aspects of the old version that I don't particularly like. you guys should have just tweaked it a little bit. you should have taken customer suggestions and built upon that instead of fixing something that wasn't broken so I think I'll stay with the UN upgraded app.,5
"pretty immediately disappointed after opening a new account. this app doesn't appear to have dark mode, which isn't just a preference it's an accessibility feature for the photophobic and photosensitive disabled. moreso Wells Fargo doesn't seem to have any way for me to use a new credit card while I await the cards arrival in the mail. they talk about digital wallets but until you've activated the card those features don't appear to work.",2
"Wells Fargo failed to protect my account after my debit card was stolen, resulting in a loss of over $10,000. Not only did they allow declined fraudulent charges to bypass security, but they also ignored my requests to cancel the card. To make matters worse, they sent checks to an address I specifically told them was unsafe. They have denied my refund despite their own security lapses. Absolutely negligent—I will be pursuing legal action.",1
"assumably does what it's supposed to update: 04092026 biometrics for this app are non operational at this time. pop-up message says, ""You must set up biometrics on your device before you can use them to sign-on."" **They are set up! and it works just fine logging into my phone when the screen locks. fix this issue and I'll give 5 stars again (if this app hasn't been ""fixed"" into a state of inoperability by that time!) google pixel 6a",1
"App is okay, but you guys really need to fix the biometrics. After logging in a few times it takes of my biometrics that I have saved on app. Whats the purpose of the extra security if the app keeps removing it and prompting me to re-add my fingerprint?! Its frustrating Update: Not only am I having the same issues with the fingerprint but now the app or website wont allow me to turn my card back on. It says I dont have one.",1
"Can't verify my identity with Ticketmaster. I have been with WF for 40 years and dealt with various issues but now I try to buy concert tickets and need WF to text me to verify my identity.... get a message saying ""oops, it's a problem on our end!"". so now what? Does BOA have the same issue? Am I the only customer that tries to use Ticketmaster? now it tells me I can't post to the server. I'm about to need a new phone",1
"Wells Fargo Bank's online banking and mobile app gives me easy access to all my account data and the current status of my financial situation. It tracks my spending, monitors my credit worthiness and alerts me when something needs my immediate attention. I am completely confident that I can rely on it to accurately document every transaction and assist me in completing all of my everyday banking needs.",5
"I have been with Wells Fargo over 6 years and had one problem. In a rush to get out of the drive-thru, I got out $300 and drove away without taking the money. I went back to let them know and they did absolutely NOTHING to help me see if the driver behind me took it! They told me I had to hire an attorney to look at the camera! Customer service was nice but were bot able to help me get my money back!",3
"im starting to like wells fargo again. I have been faithful to them for over 18 to 20 years. for years I loved them and then for the recent 5 years I was thinking of leaving them but I stuck by them and waited and for the past year they have been wonderful. literally, perfect. so im glad I stayed. I just hope things stay this way. never run when things don't go well. stick around and wait for change",5
"Just when you learn a bit of software, some pinhead software guy needing to justify their job updates it. Everything moved around, not convenient or intuitive as before. This new version is the worst yet. Customer service is now AI and it's useless. Is it to much to ask if I can have pending bill pays be reflected in the checking account area? I guess it is. Wells Fargo: too big to care so f off.",1
the wells Fargo security cyber is not only disrespectful but useless l got a new card last week cause l only used it one time and they put a block on it security block this was last week called them lady that answered asked for my phone number so l gave it to her she replied this ain't you and hung up on me been calling bank every day since can't get no help lm calling my lawyer.,1
"I tried to order something and I verified once through the website, which had me verify through my banking app (Wells Fargo), then Wells Fargo confirmed that 'yes' it was really me making the purchase... and none of that was good enough, I still couldn't make the purchase without making a phone call, taking a picture of my drivers license, verifying myself five times ughhhhh",1
Well I've tried several times to get the app put on my Android phone I have a 2024 Motorola razr it's an Android anyway I'm unable to get the app to appear on my phone after I've asked to download it and then it gets kind of weird do you want the app on all your phones nuts and I'm just sick and tired of it it does still doesn't show up I try everything so I give you,1
"This was a good app, then they did something and now Mobile Deposit is gone. Their stupid AI says to enable camera permissions, it already has all permissions! how does a bank app get released that removes one of the most important features? you can get to the mobile deposit page via the search, however, you can't see any accounts to choose, so it doesn't work.",1
"Wells Fargo Scam.... tell the customer federal law requirements is to update address and then account #. Now you find your existing account is no longer available. It was really to get the customer out of the 20 year no charge account. My 2 other banks did not require any changes, and I asked the other banks about the requirements. No such such requirements...",1
transactions search is completely does not work. I can see transactions only for current and previous month. History is completely hidden from me. Cannot see what I purchased even few months ago. Why I cannot request to increase my credit limit? Why do I have to waste my time sitting in the call? This is not rocket science - all other banks has this feature.,2
"App works ok.. The Wells Fargo Bank is the big topic and would get a -10 stars! If you're paying $175, they'll take you for a whopping $80. give or take by month of 45.7% in interest fees! that drops your payment to a mere $95. per payment! lol. Wells Fargo used to be a good credit card ""BACK"" in the days, not so much now! YOUR BALANCE NEVER GOES DOWN!..LOL",1
"*5/1/26 UPDATE, GOOD WEBSITE CHGS, MUCH EASIER TO OPEN ACCTS. XFER TO SVGS, NAVIGATION BETTER *7/2023 UPDATE: THE NEW BILL PAY IS NOT USER FRIENDLY. IT WAS EASY TO USE AND UNDERSTAND UNTIL THE RECENT UPDATE. ALSO MY BRANCH HAS HAD MANY ATM CLOSURES SINCE THE MOST RECENT SERVICE. MORE REASONS TO DISLIKE WELLS FARGO. * PERSONALLY I DON'T LIKE WELLS FARGO.",4
"More of a rating of the bank than the app. Signed up for an account with the $325 promotion. Made the necessary deposits, never got the promotion and instead was charged two accounts maintenance charges. Couldn't even be given an proper reason why the account was made ineligible. Never touching this bank again and will instruct others do to the same.",1
Search Filter is frustrating. No date range availability. Requests 12 month search for a specific transaction and only get 10 months. I wish I were able to sort transactions by description and transaction type like I use to on a PC. Unable to print filtered transactions the way they are viewed in neat columns on screen. It runs everything together.,3
"this bank is the laziest bank in America. only open Monday thru Friday and the only bank that does so. this bank will fall because of it's hubris. we were $2.40 in the hole and they are holding my $500 check for no good reason. At least they aren't telling us why. They want to control us, that's the only reason for doing things the way they are",1
"Wellsfargo banking system is greatly beneficial for the money to be able to receive your direct deposit immediately after payment and quality of the bankers are impeccable, plus the banking security system of account protection cannot be replaced : I love using the app and password to connect with my money to pay my bills and entertainment ",5
"been banning with Wells Fargo for 20 years, now they suddenly block my transfers, and won't let me control my own money. Cost me $1500 and maybe my home due to their inactive, even after calling support. Filed a report with the CFPB about a month ago, still waiting to hear back from the bank. Find another bank that won't cost you your money.",1
So far my experience with Wells Fargo has been very pleasant. Their security measures make me feel secure that they are always on top of purchases I don't often make and will always decline it to ask if this was MY attempt to make that purchase. It may be a small inconvenience but worth it to make sure no one else is using my account.,5
"App is broken and does not complete intended functions. Some things work, others are an endless loop of logging in and out til the end of time. Why have such a terrible app then and close all your locations? Easier and faster still to drive to the bank. Humans have brains. The app and the new AI with the app cannot do anything right!",2
The mobile deposit no longer functions for me because the system can't recognize check images anymore. WF has been a nightmare. Banked with them for 25+ years then moved to a state that has no brick and mortar locations and WF couldn't bother to waive ATM fees AND now I can't deposit my checks. A fully non-functional bank in 2026,1
great bank. Great people. Great app. has tools to monitor and protect your money. alerts you of suspicious activity and Ives you the ability to shut off your debit card when idle. And their always friendly customer service is 24-7 personal human professionals that are easy to access without the ai Frustrations wasting your time,5
Excellent App Probably the most resourceful and Secure app I have I know it's my wife's most used app who ever developed this is Top notch Kudos to you it has all my Banking Needs gives you control over your Card and always keeps you informed it's saved me once or twice I don't give 5 stars easily I'd give this 10 if I could,5
"i had an account in Well Fargo Bank, and I got deposited 2400 out of my recent job that I decided to quit.so I was San Diego California for personal reasons, wild I was there I couldn't use my account or pull out money at the ATM , I had to call for 4 Day to get my account unlocked. on the phone for hours. no start's at all.",1
"This app doesn't work, and obviously this is spyware. Where is the authentication option when I am ""forced"" to verify my identity? What a joke! I'm tired of Wells Fargo, they obviously have no interest helping facilitate my funds, just making money off the interest of my accounts. I'm going to use my local credit union.",1
"Auto Loan, it doesn't have a option to pay Principal Balance on the app. You are required to pay 3 months in advance, and only after that will the funds apply to principal. Or you can inconveniently mail a check stating principal only, or go to a bank and deposit for principal only directly. I believe it's on purpose.",1
I've had my account with Wells Fargo for a lot of years. I've made a lot of mistakes with my money and they've Helped me solved all my problems. l highly recommend there Service. l hope not to ever get a call again from Security they're like my Mom spanking my hands.Thank you All for taking care of my money and me!!,5
"no go with someone else, anyone else. ZERO STARS I had a credit card lost and I canceled it and asked for a new card but I had a large amount of cash rewards still left on it, and now there all gone! this is not right Wells Fargo and if this is how you treat your customers I'm done with Wells Fargo. Dirty!",1
"you would Not close my account when I moved to FLORIDA and than proceed to charge me extra fees to Suck All of my $250.+$$'s than close my account. I asked by phone, to close my account and send me a check, since there were no Wells Fargo near me in FLORIDA. I will NEVER do business with your bank!!",1
"I never receive emails for upcoming due date even though the settings are on to notify me 5 days before. However,I always receive the credit-close updates. Seeing similar stories about due dates notifications on Reddit, so I wonder if that's intentional. I don't have this issue with other CC apps.",2
"this has been an excellent app until today. God help you if you want to speak with someone. I have an issue with my account. I am responsible, but I would like to speak with someone on the phone. Out of town training for new job, I am tied up during business hours. App and website no help.⁹",1
"Your ""way to save"" savings accounts charge you regardless of the rules you laid out. The reccuring charges ($50 a month bills)from the main account no longer count apparently, and I was charged a fee every month since November before I noticed and closed the account. Very unprofessional.",2
"Nice app, but after one of the updates I can't find account fees info. Previously it was easy to find in account overview, but now it is hidden or completely removed. It feels like they did it on purpose, so that user can get into that trap and miss a requirement to avoid a fee.",1
"Your company is dogshit, I pre-ordered the s26 ultra and you rejected my credit card like 6 times and after I finally got it to work and it was re rejected days later, so now I am not going to be getting my phone the day it drops even though I pre ordered it weeks in advance.",1
Many thanx to all your employees @ Wells Fargo that helped my transitioning from Pharmacy Tech & full time caregiver of 17 years to fully retired @ 65... Again many thanx to you all @ Wells Fargo & now my transitioning journey begins  & wish you all the best ☺️,5
"They do not honor their customers' wishes. When clients take the customer money and they still make the customer pay for it. regardless of what the customer says, wellsfargo don't listen to their.. in customer dispute with merchants. they make the customer pay.",1
Balance on the app/account should be more clear/transparent it is very inconvinient and frustrating not seeing the transaction details and balance right when you sign in and clic on transactions. Please don't reply asking to contact you unless I'm getting paid,1
"As of a couple of days ago, I can no longer log in from my Samsung tablet running Android 13 - I get an error popup that says ""System Temporarily Unavailable"". I have no problem logging in using the same app on my phone or via your website. Please fix it...",3
first it said I had to check back later. I would also like it if I can buy CDs in my investment account without having to call. I was able to do that at one time but I can't do that any longer. it's not a service you provide but other brokerage houses do e,1
when are you going to fix login issues with the app i shouldnt have to change password eveey time i go to make a payment using the app it say password or username not found but if you try and reuse the same password it says cant reuse old passwords ugggg,2
"I really enjoy WF. Ever since I became a member their customer service and attention has always been excellent. Granted few changes have occurred over time, but in general I have always been satisfied with the many services I have gotten over the years.",5
"Wells Fargo as a whole sucks, I constantly have issues when doing a mobile deposit and then they dont want to give me my money that I have earned. you cannot get a hold of any human because they want to go AI with everything. I'm done with this bank.",1
confusing problems phone numbers don't match people don't respond from the bank I have to drive through the drive-thru in my small town in order to get anything done I know Wells Fargo's had trouble in the past but I thought they fixed everything,2
"Excellent bank with very kind customer service. Had to deal with a fraudulent charge on my account. The bank immediately locked my debit, got me a new one, and was able to get my money back within 4 days. They have my definite seal of approval.",5
I am 75 years old and the jAPP was a bit difficult for me. I still do not have it correct. I did not have this problem with my iPhone. I have to use this for 11 more months before I can return to my iphone. Android cell phones.are a real pain.,3
"I was extremely critical in my last review like 3 years ago, and at the time, the app was broken. The app has been working, more or less, flawlessly for the last year or so. Kudos to the devs for listening to our input. Definitely deserves 5 ",5
im closing my account out with this bank and app they keep playing with people money and Im what's a 2 day early pay nothing but lies with this bank i still wont receive my paycheck until they release it and thats not until later on Thursday,1
Absolutely SUCKS should not be a thing The whole company is lost I will Never finance anything through Wells Fargo ever again Window world should be embarrassed to even be using this whatever you want to call a clown run company from hell.,1
the app is noticeably different than the other banking apps. it's easier to navigate and get to where you wanna go even if you're not familiar with the app itself. I was lucky enough to get a small crash course and now I'm all about it!,5
when did the service fee get changed?and why is it 50% more then it was? it's so kind of them to kick when I'm having a low month. this month I stayed above 1500 and they still changed me. what are your rules? and should I switch banks.,1
"I can't get into my own account, this feels like a damn waste after trying to get into this account after much money I've gotten, they kept asking and asking me all over and I'm sick of it. (guess I'll get a new account in a new bank)",1
I'm trying to place orders on line and it declines my payment every time I try to place an order. yes I understand it's for my protection but I would like to order the stuff I need to and not go through this every single time.,5
"fantastic bank and Great customer services. this bank cares about their clients and customer. very understanding and knowledgeable about what they do... have been a customer with Wells Fargo over 10 years now, n I love it...",5
"Home page keeps saying ""Time to set up your card, Let's Go."" No matter how many times I click it or ""setup my card"" it won't go away. I've clicked on everything possible within that section and it still won't go away.",5
"Ive been with Wells Fargo For many years, and they've always done me right in every way. I tell all my friends and relatives to switch to them because I've had such a great experience over the last 40 years I think.",5
"attempting to add a non-wellsfargo account to pay bill and was transfered 5 times. no help, people working from home and can not hear them. I still have not been able to receive help. Customer service is trash",3
Please tell me why there is no dark mode for this app? Wells Fargo is a big company. There should be a dark mode available and especially for it's customers so Let's get to working on this so I can up it to 4.,3
I am switching banks. the fargo ai in the app gave me a scammers number instead of the wells fargo customer support number. this is unacceptable especially from a company notorious for high level scandals.,1
"Mobile check depositing is a pain. The system never detects the check amount correctly the first time, so I always have to go through the process twice. Make the AI smarter than the human, not way dumber.",1
"the app is kinda slow to load all over, but mostly functional. my main problem is zelle payment requests not clearing the queue when I send them. I have to either decline them or wait until they expire...",3
I think they need to fix their tap and pay issues when you don't have a physical card yet. at least make it where you can see the virtual card so can add to something else to be able to use your money,1
"Awesome tellers at Nob Hill Wells Fargo Bank, thank you.. I've had to call for help several times awesome people have helped me thank you,  at 85 sometimes I get confused thank you for the help .",5
"always deletes what im typing in the middle of when im putting in my password the first time so I get it wrong and have to try again every time. thanks Choi, but your suggestions didn't work.",2
"Normally you guys deserve 5 star , BUT I wish you guys would be like CityBank . Once you make payment it shows the effect on your account. But with you you need to wait two three days.",4
"Forced to download to authorize a payment using a credit card. If I need an app I'll seek it out, if I'm forced to download it, it's because your app sucks but you still want my data.",1
"I love WF. They don't just cater to wealthy corporations, as is said. I've been with them for YEARS & I'm disabled & often have trouble making ends meet. WF treats me very well, too!",5
"invasion of privacy with no readily practcle available method to opt out. it will be a major class action and should be overwhelmingly large as a corrective and preventative measure,",1
"I understand that sending money via Zelle absolutely needs safeguards but there's one too many security here. If someone doesn't know who they're sending money to, that's on them!",3
after this update and downloading the mobile app 3 times I can no longer make deposits. The deposit selection no longer appears on the bottom strip with the other selections.,1
I told the person that called to verify the transaction I knew what I was doing and wanted the transaction to go through. He did not make it happen. This makes me very angry.,2
"this app is horrible on my phone. as soon as I try and open it and log in. it kicks me off! it's now a nuisance, it kicks me off a second that I get on it. please fix this!",1
trying to get a code and then to apply it to my account to get it to open up to verify who I am is almost there impossible so you need to figure out how to do a better way,1
I've been surprisingly happy with how easy-to-use this app has been and so far the bank Wells Fargo had been rock solid with everything I've used and or needed thank you!,5
not happy at all with this Bank the system they have in place does not work they tell you one thing it does not work a nightmare at a bank do not recommend ever nightmare,1
Wow what a joke I waited a half hour to see a teller today if your time is valuable and you have a life don't waste your time at this bank One star is one star too many!!,1
Not happy with Wells Fargo. Even after they swindled my sister out $600 on her mortgage payment and had to pay it back. Others too probably. Think twice about this bank.,1
"The location services on this site no longer work. I input my zip code and it just takes me back to the same screen. Also, it is spelled Des Moines (Iowa) not De Moines.",2
this is by far the most frustrating banking app I have ever seen! I still cannot get signed on with my bank to pay them. And talk to numerous people and it never works.,2
"Wells Fargo stile over $17,000 out of my checking account and will not transfer it back. They did so without authorization and will not answer calls or emails about it.",1
everytime I open the app on my android it doesn't even give me the chance to log in. it just exits out and I Gotta do it like more than 3 times just to try and log in.,3
Good app I just wish more updated features were available for things so you don't always need a phone call or a branch visit. Also Wells Fargo needs more ATM machines.,4
The estimated income for dividends page shows grossly inaccurate amounts for the advisor accounts. Trash application! Isn't there someone at the bank with math skills?,1
Y'all suck! Nine years of madness and I still get the runaround can't get into my account go to the branch and they don't know what to do! Stay away from Wells Fargo!,1
"The app is easy and quick to use, and it's secure when sending to other accounts. Excellent customer service. I recommend using Wells Fargo Bank for your security.",5
Since the February update app keeps loosing my saved password/biometric login every few days and I have to re-enter my log in manually. please fix what you broke.,1
its ok dont like how money doesn't seem.to come out right away and.it.lacks notifications when needed....I dunno how I feel about this app yet let alone the bank,3
"Absolutely horrible, you added a new request credit limit increase feature which is unknowingly a hard pull to your credit. Most insane banking experience ever.",1
"as of using this app, the monthly service fees keep going up and I am not going to pay over $180+ a year! I'm better off using a different bank to hold my money",3
I just want the derict deposit. but here I am trying to find out away how confusing this app. is someone needs to fix it. sending this out is another confusion,1
I have never had any problems with my Banking. I have banked with them over 30 years. Had fraud from unknown sources and was taken care of in a timely manner.,5
Big lots of the way to try to help resolve matters to get your refund back especially to spammers and I like the fact that we can send money to other people,5
"Very simple and to the point b een with Wells Fargo almost 20 years .Vietnam Veteran ,if by some chance I face a problem they have helped me no matter what.",5
"I made a deposit two days ago, and the app informed me that my money would be available the next day. it's been TWO DAYS!!!! What the hell is going on!?",2
I downloaded the app and when I open it and try to type in anything it disappears I've uninstalled and reinstalled the app and I have the same problem.,1
I like Wells Fargo but you leave everything in pending status so soooo long so so long. with all the technology in the world you can't fix this? hmmm ,3
The app still messes up and just resets while you are entering a password when you launch the app. It has been months now since this started happening!,1
the nearest wells Fargo is like an hour away so this is a decent alternative for depositing checks. sometimes its absolute garbage tho and wont work,3
Definite bug in this release. When you click on a stock in your portfolio it shows the wrong one. It's becoming unusable. Otherwise I love the app.,4
"My mobile check deposit is not working, I have a tried everything and it still won't deposit my ssdi check. I don't have any restrictions either.",2
One of the best banks in America  Definitely would recommend to everyone seeking on opening a bank account to give Wells Fargo the opportunity.,5
Been using this app for years . App is now super slow & freezes up constantly . I now access the browser to have online banking with Wells Fargo,1
money request sent to my by text message takes me to mobile website not mobile app. request is not found in the app. Whats the point of the app?,1
Wells Fargo's is been so far good with me when I have a problem they always find a way to solve it for me always satisfied with customer service,5
sad it quit working. now its the early 2000s again and I have to go to an atm because this app refuses to accept anything other than biometric.,1
I can't do anything on this app.When it said will send a code it's not even my phone number?? I can't put in my phone number.So can't use app.,1
I've been with Wells Fargo since 2000 & have never had any issues. They have been a very reputable financial institution with great standards,5
I'm glad I got approved but I don’t understand how to do all this stuff. Is my card still coming to me? I hope I can activate it and use it.,4
Wells Fargo has been my bank for very many years and I have never had a complaint nor any issues with their excellent handling of my assets.,5
"customer service is great security seems to be good so far, staff seems to be concerned with preserving your identity and your information.",5
I have a every bad problem with right now.When I go on the app it flickers and goes off. That you can not keep it on.I was off of it 8 hrs,1
Sometimes it shows I'm disconnected when I need to send money and I have challenges reconnecting. it's quite frustrating and inconvenient.,3
worse bank I ever had. so many fees they charge . you never know what your real balance is. they dont help you at all. would not recommend,1
They force you to update every month but they won't notify you that the minimum balance trippled and will charge you monthly account fees,1
I have recently experienced massive fraud. I think the fraudsters are getting my info from online transactions. Like online statements.,4
"They don't reinvent they light switch every 6 months. refine your app, make it easy to use, and then leave the functionality alone.....",1
"crazy bank, I don't like it. everyone must be careful when start go with them. all my family get away with them. so terrible bank.....",1
I've switched to a new device but it continues to send push notifications to my old one that I have to turn in. hope this updates soon,4
Wells Fargo Zelle transaction is fast and easy to use. I will recommend anyone to use it. make payment and receive payment so easily.,5
"love my app .inform me on shady purchases I get a alert,as soon as I try to buy item.Banking always accurate with no problems ever.",5
"Been with WF for 2 decades, my account has been compromised 3 times with major transactions. Please impliment a new security plan.",2
Wells Fargo has always had my back and has helped me with someone trying to scam me. Always courteous and pleasant to speak with .,5
no ATMs in Ohio? seriously bad coverage people. decades of banking with you and this may be the straw that breaks the camels back,1
what a terrible bank that helps scammers steal your money. here at wells fargo your money isn't safe. I'm gonna try chase today.,1
"I appreciate the Zelle security feature where Wells Fargo makes sure transactions are real, safe and not coming from a scammer.",5
Wells Fargo needs a dark mode especially for the elderly with poor vision their app is too bright and lettering are too light,3
terrible bank when u dispute claims it puts u in a dangerous position financially as u wait for another card dont bank here,1
"Excellent Customer Service. Great And Secured Banking. Extremely Grateful, For The Professional Service. Mr. Lazaro Andres",5
WHERE ALL THE THE EMPLOYEES AND GREAT STAFF BLESS YOU WITH THEIR UNCONDITIONAL HELP AND SUPPORT AND YES LOVE  24/365....,5
Don't bank with Wells Fargo. They support scammers instead of believing their customers. I'm closing all my accounts now.,1
helpful understanding best I've known really Happy to be with Wells Fargo would plan to be continuing here ever after....,5
so far so good. the app stopped working on my last android phone. but seems to be working on this new android phone I got,5
the only thing i didnt like was tbey didnt approve my credit card because i didnt have a permananr job. im a free lancer.,5
Horrible app. Nothing works. You can add cards to your digital wallet. You can't turn off cards. Overall poor UI design.,1
so far everyone has been friendly and helpful who works there. All my banking transactions have been smooth and correct.,5
When I go to sign on it says I don't have passkey Can this be deleted. Can't sign in account with usernamr and password.,5
"App. Is doing nothing. Will do nothing, goes straight to signing. So you go from ""app"" request to sign in. Not working.",5
I am unable to use my phone at the atm if I don't have my card on me and other banks allowed me to do this with the app,4
they started charging me a monthly fee out of nowhere. despite I have been fulfilling the requirements the last 2 years,1
Wells Fargo keeps trying to be tricky on their app by adding pop ups to get you to sign up for more of their products.,1
Can you please advise why my signing and password no longer work? (AGAIN) I may as well stash my money in a drawer.,1
I wish my transactions would happen on the same day instead of pending so I could keep better track of my spending.,4
"The level of their app is on a different level that other banks can't approach. Just simple and easy, no gimmicks.",5
so far no issues pretty simple to navigate. I will let you know in 90 days if they are true to their word or not,4
unable to submit custom payments to reduce balance. the dollar amount is always deleted and cannot be submitted.,1
User friendly and I feel like I can trust the security of it. Which is good for something protecting your money.,5
"I have been a valued customer since 2002, and I appreciate how I am well informed with my finances, Thank you!",5
I Love Wells Fargo. please put The Stage Coach and the Teaam of Horse back As Wells Fargos Advertisement Logo.,5
that's too long to process and update your account balance in real time form.. its not a good mobile bank app,1
the bank is good. it would be great if people could still borrow money from the bank until there next payday.,4
everyone is very pleasant and helpful with all my needs. l love wells fargo and the people I have dealt with,5
"great banking app, loves the customer service, it ah great wonderful experience,b anking with them would luv",5
"I paying with zelle through my bank, my friends and family get that instant gratification and vice versa.",5
"Really handy for most banking, but can be a real pain to add new payees in the bill pay section of the app.",4
"Well's Fargo sends login codes through SMS, but Android's update made it so you cannot receive SMS messages",1
"This is the first time I used Zelle. Wells Fargo Bank has ""knocked it out of the park"" again. Excellent!!!",5
Well Fargo it is a great financial institution banker. I love to makes business with them confidentiality.,5
Been with WellsFargo for over 21 yrs I have personal and business accounts. Excellent customer service!!,5
Please add Biometric/Fingerprint sign-in support on the Pixel Tablet. Still not supported 2 years later.,2
Wells Fargo is absolutely the best bank with the best people working there. Always helpful and friendly,5
Make sure you have enough memory.Old versions of app easier to use. customer service has gone downhill,2
Mobile check deposit no longer works. there is no link and searching sends you to a non working page.,1
Wells Fargo is the best bank ever!! I have been banking with them for years and I would never change.,5
I love me some Wells Fargo!!! The overdraft fees are sp low and ots so easy to use the mobile app.,5
"professional, always ready to help. No problem too small or large, then are there to help you out.",5
"Really love resolving my issues in a quick phone call!! Awesome, friendly customer service reps!!!",5
"Works well for the most part, however, app closes as soon as you switch screens which is annoying",4
App won't text code to enter account Must have system call in order to receive code to enter....,1
A quick and easy way to send money to my family members. I absolutely love this free service! ,5
best app ever and reliable than any other Bank... this is the # one bank i ever had since i ððð,5
I have been banking with Wells Fargo for over 40 years it's a terrific Bank to do business with,5
pretty easy to navigate. However I didn't have any luck with Zelle. could not access my account,2
